clearance_mm,q_W,T_coolant_C,emissivity,mount_conductance_W_K,T_peak_C,T_wall_C,q_gap_W,q_rad_W,q_mount_W
0.50,120.0,30.0,0.20,0.50,57.6568,43.2715,103.5741,2.5975,13.8284
0.50,120.0,30.0,0.20,1.10,54.3024,41.6584,91.0367,2.2307,26.7326
0.50,120.0,30.0,0.50,0.50,57.2296,43.2982,100.3064,6.0788,13.6148
0.50,120.0,30.0,0.50,1.10,53.9789,41.7029,88.3868,5.2364,26.3767
0.50,120.0,30.0,0.80,0.50,56.8536,43.3216,97.4304,9.1428,13.4268
0.50,120.0,30.0,0.80,1.10,53.6925,41.7423,86.0413,7.8970,26.0617
0.50,120.0,45.0,0.20,0.50,72.6116,58.2743,103.2291,2.9651,13.8058
0.50,120.0,45.0,0.20,1.10,69.2681,56.6631,90.7554,2.5497,26.6949
0.50,120.0,45.0,0.50,0.50,72.1280,58.3045,99.5288,6.9072,13.5640
0.50,120.0,45.0,0.50,1.10,68.9010,56.7136,87.7489,5.9600,26.2911
0.50,120.0,45.0,0.80,0.50,71.7059,58.3309,96.2999,10.3472,13.3529
0.50,120.0,45.0,0.80,1.10,68.5786,56.7579,85.1089,8.9547,25.9365
0.50,120.0,60.0,0.20,0.50,87.5627,73.2773,102.8548,3.3638,13.7814
0.50,120.0,60.0,0.20,1.10,84.2308,71.6683,90.4499,2.8963,26.6538
0.50,120.0,60.0,0.50,0.50,87.0187,73.3113,98.6933,7.7973,13.5094
0.50,120.0,60.0,0.50,1.10,83.8171,71.7251,87.0622,6.7390,26.1988
0.50,120.0,60.0,0.80,0.50,86.5484,73.3407,95.0950,11.6308,13.2742
0.50,120.0,60.0,0.80,1.10,83.4570,71.7747,84.1127,10.0846,25.8027
0.50,120.0,75.0,0.20,0.50,102.5099,88.2806,102.4506,3.7945,13.7549
0.50,120.0,75.0,0.20,1.10,99.1904,86.6738,90.1195,3.2710,26.6095
0.50,120.0,75.0,0.50,0.50,101.9020,88.3186,97.8000,8.7490,13.4510
0.50,120.0,75.0,0.50,1.10,98.7273,86.7375,86.3265,7.5735,26.1000
0.50,120.0,75.0,0.80,0.50,101.3814,88.3512,93.8180,12.9912,13.1907
0.50,120.0,75.0,0.80,1.10,98.3278,86.7924,83.0543,11.2852,25.6605
0.50,150.0,30.0,0.20,0.50,64.5521,46.5905,129.3238,3.4001,17.2761
0.50,150.0,30.0,0.20,1.10,60.3655,44.5747,113.6931,2.9049,33.4020
0.50,150.0,30.0,0.50,0.50,63.9949,46.6253,125.0614,7.9412,16.9975
0.50,150.0,30.0,0.50,1.10,59.9453,44.6325,110.2518,6.8084,32.9398
0.50,150.0,30.0,0.80,0.50,63.5063,46.6559,121.3235,11.9233,16.7532
0.50,150.0,30.0,0.80,1.10,59.5744,44.6835,107.2145,10.2536,32.5319
0.50,150.0,45.0,0.20,0.50,79.4942,61.5941,128.8803,3.8726,17.2471
0.50,150.0,45.0,0.20,1.10,75.3214,59.5808,113.3326,3.3138,33.3536
0.50,150.0,45.0,0.50,0.50,78.8648,61.6334,124.0657,9.0019,16.9324
0.50,150.0,45.0,0.50,1.10,74.8458,59.6462,109.4368,7.7329,32.8303
0.50,150.0,45.0,0.80,0.50,78.3177,61.6676,119.8808,13.4603,16.6589
0.50,150.0,45.0,0.80,1.10,74.4293,59.7035,106.0263,11.6014,32.3723
0.50,150.0,60.0,0.20,0.50,94.4314,76.5980,128.4000,4.3843,17.2157
0.50,150.0,60.0,0.20,1.10,90.2737,74.5874,112.9416,3.7574,33.3011
0.50,150.0,60.0,0.50,0.50,93.7252,76.6422,122.9979,10.1395,16.8626
0.50,150.0,60.0,0.50,1.10,89.7388,74.6609,108.5607,8.7266,32.7127
0.50,150.0,60.0,0.80,0.50,93.1172,76.6802,118.3463,15.0951,16.5586
0.50,150.0,60.0,0.80,1.10,89.2746,74.7247,104.7592,13.0387,32.2021
0.50,150.0,75.0,0.20,0.50,109.3637,91.6023,127.8819,4.9362,17.1818
0.50,150.0,75.0,0.20,1.10,105.2221,89.5945,112.5193,4.2364,33.2443
0.50,150.0,75.0,0.50,0.50,108.5762,91.6515,121.8582,11.3536,16.7881
0.50,150.0,75.0,0.50,1.10,104.6244,89.6766,107.6237,9.7894,32.5868
0.50,150.0,75.0,0.80,0.50,107.9050,91.6934,116.7232,16.8243,16.4525
0.50,150.0,75.0,0.80,1.10,104.1105,89.7473,103.4152,14.5632,32.0216
0.50,180.0,30.0,0.20,0.50,71.4393,49.9100,155.0109,4.2695,20.7197
0.50,180.0,30.0,0.20,1.10,66.4231,47.4918,136.3051,3.6294,40.0654
0.50,180.0,30.0,0.50,0.50,70.7422,49.9536,149.6779,9.9510,20.3711
0.50,180.0,30.0,0.50,1.10,65.8996,47.5638,132.0176,8.4928,39.4895
0.50,180.0,30.0,0.80,0.50,70.1332,49.9917,145.0188,14.9146,20.0666
0.50,180.0,30.0,0.80,1.10,65.4389,47.6271,128.2448,12.7724,38.9828
0.50,180.0,45.0,0.20,0.50,86.3678,64.9145,154.4639,4.8522,20.6839
0.50,180.0,45.0,0.20,1.10,81.3690,62.4993,135.8618,4.1324,40.0059
0.50,180.0,45.0,0.50,0.50,85.5823,64.9636,148.4549,11.2539,20.2912
0.50,180.0,45.0,0.50,1.10,80.7776,62.5806,131.0184,9.6262,39.3553
0.50,180.0,45.0,0.80,0.50,84.9023,65.0061,143.2526,16.7962,19.9512
0.50,180.0,45.0,0.80,1.10,80.2615,62.6515,126.7920,14.4203,38.7877
0.50,180.0,60.0,0.20,0.50,101.2905,79.9193,153.8724,5.4824,20.6453
0.50,180.0,60.0,0.20,1.10,96.3103,77.5073,135.3815,4.6771,39.9413
0.50,180.0,60.0,0.50,0.50,100.4112,79.9743,147.1456,12.6488,20.2056
0.50,180.0,60.0,0.50,1.10,95.6467,77.5986,129.9462,10.8425,39.2113
0.50,180.0,60.0,0.80,0.50,99.6572,80.0214,141.3779,18.7935,19.8286
0.50,180.0,60.0,0.80,1.10,95.0727,77.6775,125.2455,16.1745,38.5800
0.50,180.0,75.0,0.20,0.50,116.2072,94.9245,153.2354,6.1610,20.6036
0.50,180.0,75.0,0.20,1.10,111.2471,92.5160,134.8635,5.2647,39.8718
0.50,180.0,75.0,0.50,0.50,115.2288,94.9857,145.7507,14.1349,20.1144
0.50,180.0,75.0,0.50,1.10,110.5068,92.6178,128.8010,12.1414,39.0575
0.50,180.0,75.0,0.80,0.50,114.3985,95.0376,139.3986,20.9021,19.6993
0.50,180.0,75.0,0.80,1.10,109.8728,92.7050,123.6079,18.0320,38.3600
0.50,210.0,30.0,0.20,0.50,78.3180,53.2301,180.6326,5.2084,24.1590
0.50,210.0,30.0,0.20,1.10,72.4751,50.4097,158.8711,4.4063,46.7226
0.50,210.0,30.0,0.50,0.50,77.4707,53.2831,174.1511,12.1135,23.7354
0.50,210.0,30.0,0.50,1.10,71.8414,50.4968,153.6811,10.2933,46.0255
0.50,210.0,30.0,0.80,0.50,76.7334,53.3292,168.5106,18.1227,23.3667
0.50,210.0,30.0,0.80,1.10,71.2855,50.5732,149.1280,15.4580,45.4140
0.50,210.0,45.0,0.20,0.50,93.2323,68.2355,179.9771,5.9067,24.1162
0.50,210.0,45.0,0.20,1.10,87.4104,65.4186,158.3412,5.0074,46.6514
0.50,210.0,45.0,0.50,0.50,92.2799,68.2950,172.6916,13.6684,23.6400
0.50,210.0,45.0,0.50,1.10,86.6961,65.5168,152.4908,11.6435,45.8657
0.50,210.0,45.0,0.80,0.50,91.4588,68.3463,166.4100,20.3606,23.2294
0.50,210.0,45.0,0.80,1.10,86.0748,65.6022,147.4022,17.4156,45.1822
0.50,210.0,60.0,0.20,0.50,108.1398,83.2413,179.2694,6.6607,24.0699
0.50,210.0,60.0,0.20,1.10,102.3404,80.4282,157.7680,5.6576,46.5745
0.50,210.0,60.0,0.50,0.50,107.0761,83.3077,171.1319,15.3301,23.5380
0.50,210.0,60.0,0.50,1.10,101.5403,80.5382,151.2154,13.0902,45.6944
0.50,210.0,60.0,0.80,0.50,106.1679,83.3645,164.1848,22.7313,23.0840
0.50,210.0,60.0,0.80,1.10,100.8508,80.6330,145.5681,19.4960,44.9359
0.50,210.0,75.0,0.20,0.50,123.0403,98.2475,178.5083,7.4715,24.0202
0.50,210.0,75.0,0.20,1.10,117.2650,95.4386,157.1505,6.3580,46.4915
0.50,210.0,75.0,0.50,0.50,121.8592,98.3213,169.4729,17.0975,23.4296
0.50,210.0,75.0,0.50,1.10,116.3743,95.5610,149.8554,14.6329,45.5117
0.50,210.0,75.0,0.80,0.50,120.8614,98.3837,161.8398,25.2295,22.9307
0.50,210.0,75.0,0.80,1.10,115.6141,95.6656,143.6292,21.6953,44.6755
0.50,240.0,30.0,0.20,0.50,85.1878,56.5508,206.1865,6.2196,27.5939
0.50,240.0,30.0,0.20,1.10,78.5213,53.3283,181.3893,5.2372,53.3734
0.50,240.0,30.0,0.50,0.50,84.1799,56.6138,198.4764,14.4336,27.0900
0.50,240.0,30.0,0.50,1.10,77.7703,53.4316,175.2391,12.2136,52.5474
0.50,240.0,30.0,0.80,0.50,83.3063,56.6684,191.7933,21.5535,26.6532
0.50,240.0,30.0,0.80,1.10,77.1136,53.5219,169.8604,18.3146,51.8250
0.50,240.0,45.0,0.20,0.50,100.0872,71.5570,205.4174,7.0390,27.5436
0.50,240.0,45.0,0.20,1.10,93.4456,68.3387,180.7691,5.9407,53.2901
0.50,240.0,45.0,0.50,0.50,98.9570,71.6277,196.7712,16.2502,26.9785
0.50,240.0,45.0,0.50,1.10,92.6008,68.4549,173.8507,13.7884,52.3609
0.50,240.0,45.0,0.80,0.50,97.9866,71.6883,189.3478,24.1589,26.4933
0.50,240.0,45.0,0.80,1.10,91.8685,68.5556,167.8531,20.5915,51.5554
0.50,240.0,60.0,0.20,0.50,114.9789,86.5638,204.5882,7.9223,27.4894
0.50,240.0,60.0,0.20,1.10,108.3638,83.3500,180.0992,6.7007,53.2001
0.50,240.0,60.0,0.50,0.50,113.7192,86.6425,194.9522,18.1882,26.8596
0.50,240.0,60.0,0.50,1.10,107.4195,83.4798,172.3653,15.4733,52.1614
0.50,240.0,60.0,0.80,0.50,112.6486,86.7095,186.7622,26.9135,26.3243
0.50,240.0,60.0,0.80,1.10,106.6085,83.5913,165.7235,23.0072,51.2693
0.50,240.0,75.0,0.20,0.50,129.8625,101.5711,203.6979,8.8709,27.4312
0.50,240.0,75.0,0.20,1.10,123.2757,98.3621,179.3784,7.5183,53.1033
0.50,240.0,75.0,0.50,0.50,128.4667,101.6583,193.0206,20.2460,26.7334
0.50,240.0,75.0,0.50,1.10,122.2263,98.5064,170.7838,17.2672,51.9490
0.50,240.0,75.0,0.80,0.50,127.2931,101.7317,184.0424,29.8111,26.1466
0.50,240.0,75.0,0.80,1.10,121.3340,98.6291,163.4758,25.5567,50.9674
0.80,120.0,30.0,0.20,0.50,64.7304,42.8293,98.5548,4.0799,17.3652
0.80,120.0,30.0,0.20,1.10,59.6092,40.9287,84.0619,3.3681,32.5701
0.80,120.0,30.0,0.50,0.50,63.7311,42.8918,93.7769,9.3576,16.8656
0.80,120.0,30.0,0.50,1.10,58.8998,41.0263,80.4308,7.7794,31.7898
0.80,120.0,30.0,0.80,0.50,62.8834,42.9448,89.7237,13.8347,16.4417
0.80,120.0,30.0,0.80,1.10,58.2904,41.1101,77.3114,11.5691,31.1194
0.80,120.0,45.0,0.20,0.50,79.6242,57.8360,98.0468,4.6411,17.3121
0.80,120.0,45.0,0.20,1.10,74.5333,55.9392,83.6738,3.8396,32.4867
0.80,120.0,45.0,0.50,0.50,78.5013,57.9062,92.6783,10.5710,16.7507
0.80,120.0,45.0,0.50,1.10,73.7335,56.0491,79.5798,8.8133,31.6069
0.80,120.0,45.0,0.80,0.50,77.5607,57.9650,88.1811,15.5386,16.2804
0.80,120.0,45.0,0.80,1.10,73.0542,56.1425,76.1027,13.0376,30.8597
0.80,120.0,60.0,0.20,0.50,94.5095,72.8432,97.4985,5.2468,17.2547
0.80,120.0,60.0,0.20,1.10,89.4513,70.9504,83.2540,4.3496,32.3965
0.80,120.0,60.0,0.50,0.50,93.2568,72.9214,91.5092,11.8624,16.6284
0.80,120.0,60.0,0.50,1.10,88.5560,71.0736,78.6709,9.9175,31.4116
0.80,120.0,60.0,0.80,0.50,92.2214,72.9862,86.5584,17.3309,16.1107
0.80,120.0,60.0,0.80,1.10,87.8047,71.1768,74.8255,14.5893,30.5852
0.80,120.0,75.0,0.20,0.50,109.3863,87.8509,96.9093,5.8976,17.1931
0.80,120.0,75.0,0.20,1.10,104.3630,85.9626,82.8019,4.8988,32.2993
0.80,120.0,75.0,0.50,0.50,107.9980,87.9376,90.2718,13.2292,16.4990
0.80,120.0,75.0,0.50,1.10,103.3674,86.0995,77.7054,11.0905,31.2041
0.80,120.0,75.0,0.80,0.50,106.8665,88.0083,84.8618,19.2049,15.9333
0.80,120.0,75.0,0.80,1.10,102.5427,86.2129,73.4840,16.2190,30.2969
0.80,150.0,30.0,0.20,0.50,73.3611,46.0399,122.9452,5.3742,21.6805
0.80,150.0,30.0,0.20,1.10,66.9800,43.6653,104.9163,4.4057,40.6780
0.80,150.0,30.0,0.50,0.50,72.0536,46.1217,116.6936,12.2796,21.0268
0.80,150.0,30.0,0.50,1.10,66.0566,43.7922,100.1899,10.1478,39.6623
0.80,150.0,30.0,0.80,0.50,70.9517,46.1905,111.4252,18.0990,20.4758
0.80,150.0,30.0,0.80,1.10,65.2673,43.9007,96.1496,15.0564,38.7940
0.80,150.0,45.0,0.20,0.50,88.2242,61.0485,122.2908,6.0970,21.6121
0.80,150.0,45.0,0.20,1.10,81.8827,58.6786,104.4182,5.0109,40.5709
0.80,150.0,45.0,0.50,0.50,86.7597,61.1400,115.2886,13.8315,20.8799
0.80,150.0,45.0,0.50,1.10,80.8444,58.8214,99.1033,11.4679,39.4288
0.80,150.0,45.0,0.80,0.50,85.5413,61.2162,109.4633,20.2660,20.2707
0.80,150.0,45.0,0.80,1.10,79.9671,58.9420,94.6129,16.9233,38.4638
0.80,150.0,60.0,0.20,0.50,103.0768,76.0577,121.5859,6.8757,21.5384
0.80,150.0,60.0,0.20,1.10,96.7776,73.6931,103.8802,5.6645,40.4553
0.80,150.0,60.0,0.50,0.50,101.4477,76.1595,113.7969,15.4792,20.7239
0.80,150.0,60.0,0.50,1.10,95.6181,73.8525,97.9451,12.8749,39.1799
0.80,150.0,60.0,0.80,0.50,100.1108,76.2431,107.4050,22.5396,20.0554
0.80,150.0,60.0,0.80,1.10,94.6506,73.9855,92.9927,18.8917,38.1156
0.80,150.0,75.0,0.20,0.50,117.9187,91.0676,120.8300,7.7107,21.4593
0.80,150.0,75.0,0.20,1.10,111.6646,88.7086,103.3018,6.3672,40.3310
0.80,150.0,75.0,0.50,0.50,116.1183,91.1801,112.2217,17.2191,20.5591
0.80,150.0,75.0,0.50,1.10,110.3782,88.8855,96.7172,14.3667,38.9160
0.80,150.0,75.0,0.80,0.50,114.6618,91.2711,105.2582,24.9109,19.8309
0.80,150.0,75.0,0.80,1.10,109.3188,89.0312,91.2946,20.9547,37.7507
0.80,180.0,30.0,0.20,0.50,81.9690,49.2519,147.2266,6.7889,25.9845
0.80,180.0,30.0,0.20,1.10,74.3372,46.4036,125.7008,5.5283,48.7709
0.80,180.0,30.0,0.50,0.50,80.3287,49.3545,139.3841,15.4515,25.1644
0.80,180.0,30.0,0.50,1.10,73.1844,46.5621,119.8001,12.6971,47.5028
0.80,180.0,30.0,0.80,0.50,78.9557,49.4403,132.8196,22.7025,24.4779
0.80,180.0,30.0,0.80,1.10,72.2039,46.6970,114.7814,18.7943,46.4243
0.80,180.0,45.0,0.20,0.50,96.7999,64.2625,146.4181,7.6820,25.8999
0.80,180.0,45.0,0.20,1.10,89.2173,61.4201,125.0873,6.2736,48.6390
0.80,180.0,45.0,0.50,0.50,94.9683,64.3770,137.6609,17.3550,24.9841
0.80,180.0,45.0,0.50,1.10,87.9244,61.5979,118.4692,14.3140,47.2168
0.80,180.0,45.0,0.80,0.50,93.4553,64.4715,130.4270,25.3453,24.2277
0.80,180.0,45.0,0.80,1.10,86.8378,61.7473,112.9074,21.0710,46.0216
0.80,180.0,60.0,0.20,0.50,111.6181,79.2739,145.5488,8.6421,25.8090
0.80,180.0,60.0,0.20,1.10,104.0881,76.4379,124.4259,7.0773,48.4969
0.80,180.0,60.0,0.50,0.50,109.5865,79.4008,135.8356,19.3712,24.7933
0.80,180.0,60.0,0.50,1.10,102.6478,76.6359,117.0534,16.0341,46.9126
0.80,180.0,60.0,0.80,0.50,107.9316,79.5043,127.9231,28.1110,23.9658
0.80,180.0,60.0,0.80,1.10,101.4527,76.8003,110.9359,23.4662,45.5979
0.80,180.0,75.0,0.20,0.50,126.4234,94.2860,144.6184,9.6699,25.7117
0.80,180.0,75.0,0.20,1.10,118.9494,91.4570,123.7158,7.9399,48.3443
0.80,180.0,75.0,0.50,0.50,124.1843,94.4260,133.9123,21.4955,24.5921
0.80,180.0,75.0,0.50,1.10,117.3551,91.6762,115.5551,17.8543,46.5906
0.80,180.0,75.0,0.80,0.50,122.3867,94.5383,125.3178,30.9888,23.6934
0.80,180.0,75.0,0.80,1.10,116.0498,91.8556,108.8738,25.9714,45.1548
0.80,210.0,30.0,0.20,0.50,90.5530,52.4654,171.3941,8.3294,30.2765
0.80,210.0,30.0,0.20,1.10,81.6801,49.1440,146.4125,6.7394,56.8481
0.80,210.0,30.0,0.50,0.50,88.5550,52.5903,161.8413,18.8812,29.2775
0.80,210.0,30.0,0.50,1.10,80.2821,49.3362,139.2567,15.4329,55.3104
0.80,210.0,30.0,0.80,0.50,86.8942,52.6941,153.9004,27.6525,28.4471
0.80,210.0,30.0,0.80,1.10,79.0993,49.4988,133.2022,22.7886,54.0093
0.80,210.0,45.0,0.20,0.50,105.3501,67.4781,170.4237,9.4013,30.1750
0.80,210.0,45.0,0.20,1.10,96.5367,64.1637,145.6784,7.6313,56.6903
0.80,210.0,45.0,0.50,0.50,103.1257,67.6171,159.7885,21.1487,29.0628
0.80,210.0,45.0,0.50,1.10,94.9727,64.3787,137.6730,17.3570,54.9700
0.80,210.0,45.0,0.80,0.50,101.3015,67.7312,151.0667,30.7826,28.1508
0.80,210.0,45.0,0.80,1.10,93.6656,64.5585,130.9821,25.4857,53.5322
0.80,210.0,60.0,0.20,0.50,120.1323,82.4917,169.3824,10.5515,30.0661
0.80,210.0,60.0,0.20,1.10,111.3823,79.1849,144.8881,8.5914,56.5205
0.80,210.0,60.0,0.50,0.50,117.6720,82.6455,157.6191,23.5449,28.8360
0.80,210.0,60.0,0.50,1.10,109.6442,79.4239,135.9915,19.3999,54.6087
0.80,210.0,60.0,0.80,0.50,115.6828,82.7698,148.1084,34.0502,27.8414
0.80,210.0,60.0,0.80,1.10,108.2103,79.6211,128.6514,28.3172,53.0313
0.80,210.0,75.0,0.20,0.50,134.8996,97.5063,168.2698,11.7804,29.9498
0.80,210.0,75.0,0.20,1.10,126.2168,94.2077,144.0411,9.6205,56.3385
0.80,210.0,75.0,0.50,0.50,132.1949,97.6753,155.3382,26.0643,28.5975
0.80,210.0,75.0,0.50,1.10,124.2973,94.4716,134.2153,21.5577,54.2270
0.80,210.0,75.0,0.80,0.50,130.0405,97.8100,145.0373,37.4425,27.5202
0.80,210.0,75.0,0.80,1.10,122.7350,94.6864,126.2185,31.2730,52.5085
0.80,240.0,30.0,0.20,0.50,99.1122,55.6805,195.4429,10.0010,34.5561
0.80,240.0,30.0,0.20,1.10,89.0083,51.8864,167.0486,8.0423,64.9091
0.80,240.0,30.0,0.50,0.50,96.7311,55.8293,184.0582,22.5762,33.3656
0.80,240.0,30.0,0.50,1.10,87.3490,52.1145,158.5554,18.3607,63.0839
0.80,240.0,30.0,0.80,0.50,94.7658,55.9521,174.6614,32.9557,32.3829
0.80,240.0,30.0,0.80,1.10,85.9526,52.3065,151.4073,27.0448,61.5478
0.80,240.0,45.0,0.20,0.50,113.8738,70.6954,194.3029,11.2602,34.4369
0.80,240.0,45.0,0.20,1.10,103.8402,66.9095,166.1885,9.0873,64.7243
0.80,240.0,45.0,0.50,0.50,111.2306,70.8606,181.6652,25.2195,33.1153
0.80,240.0,45.0,0.50,1.10,101.9886,67.1641,156.7106,20.6019,62.6875
0.80,240.0,45.0,0.80,0.50,109.0789,70.9951,171.3772,36.5833,32.0394
0.80,240.0,45.0,0.80,1.10,100.4497,67.3757,148.8330,30.1724,60.9946
0.80,240.0,60.0,0.20,0.50,128.6184,85.7113,193.0819,12.6089,34.3092
0.80,240.0,60.0,0.20,1.10,118.6596,81.9343,165.2641,10.2103,64.5256
0.80,240.0,60.0,0.50,0.50,125.7029,85.8936,179.1418,28.0067,32.8514
0.80,240.0,60.0,0.50,1.10,116.6067,82.2166,154.7556,22.9770,62.2674
0.80,240.0,60.0,0.80,0.50,123.3635,86.0398,167.9568,40.3614,31.6818
0.80,240.0,60.0,0.80,1.10,114.9228,82.4481,146.1359,33.4490,60.4150
0.80,240.0,75.0,0.20,0.50,143.3460,100.7284,191.7795,14.0474,34.1730
0.80,240.0,75.0,0.20,1.10,133.4664,96.9609,164.2748,11.4122,64.3130
0.80,240.0,75.0,0.50,0.50,140.1491,100.9282,176.4943,30.9311,32.5746
0.80,240.0,75.0,0.50,1.10,131.2040,97.2719,152.6942,25.4814,61.8244
0.80,240.0,75.0,0.80,0.50,137.6225,101.0861,164.4138,44.2750,31.3112
0.80,240.0,75.0,0.80,1.10,129.3738,97.5236,143.3259,36.8629,59.8112
1.10,120.0,30.0,0.20,0.50,71.1315,42.4293,93.9345,5.4997,20.5657
1.10,120.0,30.0,0.20,1.10,64.1529,40.3040,78.0510,4.3808,37.5682
1.10,120.0,30.0,0.50,0.50,69.4043,42.5372,87.9284,12.3694,19.7021
1.10,120.0,30.0,0.50,1.10,62.9935,40.4634,73.7350,9.9722,36.2929
1.10,120.0,30.0,0.80,0.50,67.9888,42.6257,83.0067,17.9989,18.9944
1.10,120.0,30.0,0.80,1.10,62.0233,40.5968,70.1233,14.6510,35.2257
1.10,120.0,45.0,0.20,0.50,85.9465,57.4408,93.2912,6.2356,20.4732
1.10,120.0,45.0,0.20,1.10,79.0282,55.3211,77.5868,4.9822,37.4310
1.10,120.0,45.0,0.50,0.50,84.0196,57.5613,86.5908,13.8994,19.5098
1.10,120.0,45.0,0.50,1.10,77.7281,55.4999,72.7468,11.2523,36.0009
1.10,120.0,45.0,0.80,0.50,82.4653,57.6584,81.1863,20.0810,18.7327
1.10,120.0,45.0,0.80,1.10,76.6554,55.6474,68.7536,16.4255,34.8210
1.10,120.0,60.0,0.20,0.50,100.7477,72.4533,92.6000,7.0261,20.3739
1.10,120.0,60.0,0.20,1.10,93.8938,70.3396,77.0864,5.6305,37.2832
1.10,120.0,60.0,0.50,0.50,98.6137,72.5866,85.1795,15.5137,19.3069
1.10,120.0,60.0,0.50,1.10,92.4465,70.5386,71.6985,12.6104,35.6911
1.10,120.0,60.0,0.80,0.50,96.9208,72.6925,79.2927,22.2470,18.4604
1.10,120.0,60.0,0.80,1.10,91.2701,70.7004,67.3192,18.2836,34.3971
1.10,120.0,75.0,0.20,0.50,115.5352,87.4665,91.8611,7.8713,20.2676
1.10,120.0,75.0,0.20,1.10,108.7496,85.3594,76.5495,6.3260,37.1245
1.10,120.0,75.0,0.50,0.50,113.1879,87.6133,83.6989,17.2071,19.0940
1.10,120.0,75.0,0.50,1.10,107.1495,85.5795,70.5927,14.0429,35.3644
1.10,120.0,75.0,0.80,0.50,111.3578,87.7276,77.3352,24.4859,18.1789
1.10,120.0,75.0,0.80,1.10,105.8692,85.7555,65.8267,20.2172,33.9561
1.10,150.0,30.0,0.20,0.50,81.3117,45.5430,117.0610,7.2831,25.6558
1.10,150.0,30.0,0.20,1.10,72.6340,42.8878,97.3511,5.7515,46.8974
1.10,150.0,30.0,0.50,0.50,79.0480,45.6845,109.1896,16.2864,24.5240
1.10,150.0,30.0,0.50,1.10,71.1228,43.0956,91.7253,13.0397,45.2351
1.10,150.0,30.0,0.80,0.50,77.2107,45.7993,102.8010,23.5936,23.6054
1.10,150.0,30.0,0.80,1.10,69.8669,43.2683,87.0500,19.0964,43.8536
1.10,150.0,45.0,0.20,0.50,96.0731,60.5579,116.2314,8.2320,25.5365
1.10,150.0,45.0,0.20,1.10,87.4738,57.9099,96.7547,6.5242,46.7212
1.10,150.0,45.0,0.50,0.50,93.5571,60.7152,107.4828,18.2387,24.2786
1.10,150.0,45.0,0.50,1.10,85.7843,58.1422,90.4651,14.6722,44.8627
1.10,150.0,45.0,0.80,0.50,91.5479,60.8408,100.4961,26.2300,23.2739
1.10,150.0,45.0,0.80,1.10,84.4004,58.3324,85.3134,21.3461,43.3405
1.10,150.0,60.0,0.20,0.50,110.8174,75.5739,115.3423,9.2490,25.4087
1.10,150.0,60.0,0.20,1.10,102.3014,72.9336,96.1130,7.3555,46.5315
1.10,150.0,60.0,0.50,0.50,108.0407,75.7475,105.6870,20.2926,24.0204
1.10,150.0,60.0,0.50,1.10,100.4260,73.1914,89.1314,16.3999,44.4686
1.10,150.0,60.0,0.80,0.50,105.8604,75.8837,98.1056,28.9642,22.9302
1.10,150.0,60.0,0.80,1.10,98.9132,73.3994,83.4995,23.6960,42.8045
1.10,150.0,75.0,0.20,0.50,125.5446,90.5910,114.3938,10.3338,25.2723
1.10,150.0,75.0,0.20,1.10,117.1168,87.9589,95.4258,8.2457,46.3285
1.10,150.0,75.0,0.50,0.50,122.5004,90.7812,103.8082,22.4416,23.7502
1.10,150.0,75.0,0.50,1.10,115.0490,88.2433,87.7278,18.2184,44.0539
1.10,150.0,75.0,0.80,0.50,120.1518,90.9280,95.6413,31.7828,22.5759
1.10,150.0,75.0,0.80,1.10,113.4073,88.4690,81.6164,26.1355,42.2481
1.10,180.0,30.0,0.20,0.50,91.4465,48.6596,140.0300,9.2467,30.7233
1.10,180.0,30.0,0.20,1.10,81.0902,45.4751,116.5584,7.2424,56.1992
1.10,180.0,30.0,0.50,0.50,88.6034,48.8373,130.1438,20.5545,29.3017
1.10,180.0,30.0,0.50,1.10,79.2013,45.7348,109.5267,16.3518,54.1214
1.10,180.0,30.0,0.80,0.50,86.3185,48.9801,122.1984,29.6423,28.1592
1.10,180.0,30.0,0.80,1.10,77.6427,45.9491,103.7245,23.8685,52.4070
1.10,180.0,45.0,0.20,0.50,106.1516,63.6780,139.0043,10.4200,30.5758
1.10,180.0,45.0,0.20,1.10,95.8927,60.5023,115.8233,8.1947,55.9820
1.10,180.0,45.0,0.50,0.50,103.0030,63.8748,128.0560,22.9425,29.0015
1.10,180.0,45.0,0.50,1.10,93.7873,60.7917,107.9855,18.3484,53.6661
1.10,180.0,45.0,0.80,0.50,100.5140,64.0304,119.4008,32.8422,27.7570
1.10,180.0,45.0,0.80,1.10,92.0755,61.0271,101.6130,26.6039,51.7831
1.10,180.0,60.0,0.20,0.50,120.8361,78.6977,137.9075,11.6744,30.4181
1.10,180.0,60.0,0.20,1.10,110.6807,75.5314,115.0339,9.2174,55.7487
1.10,180.0,60.0,0.50,0.50,117.3731,78.9142,125.8654,25.4480,28.6865
1.10,180.0,60.0,0.50,1.10,108.3502,75.8519,106.3581,20.4567,53.1852
1.10,180.0,60.0,0.80,0.50,114.6819,79.0824,116.5076,36.1515,27.3410
1.10,180.0,60.0,0.80,1.10,106.4845,76.1084,99.4128,29.4542,51.1330
1.10,180.0,75.0,0.20,0.50,135.5004,93.7187,136.7400,13.0098,30.2502
1.10,180.0,75.0,0.20,1.10,125.4540,90.5626,114.1901,10.3105,55.4994
1.10,180.0,75.0,0.50,0.50,131.7157,93.9553,123.5795,28.0627,28.3578
1.10,180.0,75.0,0.50,1.10,122.8911,90.9150,104.6490,22.6708,52.6802
1.10,180.0,75.0,0.80,0.50,128.8265,94.1358,113.5330,39.5537,26.9132
1.10,180.0,75.0,0.80,1.10,120.8724,91.1925,97.1340,32.4064,50.4596
1.10,210.0,30.0,0.20,0.50,101.5341,51.7791,162.8344,11.3985,35.7670
1.10,210.0,30.0,0.20,1.10,89.5204,48.0659,135.6690,8.8586,65.4724
1.10,210.0,30.0,0.50,0.50,98.0684,51.9957,150.7832,25.1826,34.0342
1.10,210.0,30.0,0.50,1.10,87.2277,48.3812,127.1341,19.9155,62.9505
1.10,210.0,30.0,0.80,0.50,95.3107,52.1681,141.1941,36.1506,32.6554
1.10,210.0,30.0,0.80,1.10,85.3495,48.6394,120.1422,28.9733,60.8845
1.10,210.0,45.0,0.20,0.50,116.1799,66.8013,161.6028,12.8073,35.5899
1.10,210.0,45.0,0.20,1.10,104.2839,63.0985,134.7888,9.9989,65.2123
1.10,210.0,45.0,0.50,0.50,112.3553,67.0403,148.3037,28.0187,33.6777
1.10,210.0,45.0,0.50,1.10,101.7359,63.4488,125.3032,22.2873,62.4095
1.10,210.0,45.0,0.80,0.50,109.3626,67.2273,137.8973,39.9213,32.1813
1.10,210.0,45.0,0.80,1.10,99.6797,63.7315,117.6487,32.2036,60.1477
1.10,210.0,60.0,0.20,0.50,130.8020,81.8249,160.2888,14.3102,35.4010
1.10,210.0,60.0,0.20,1.10,119.0305,78.1333,133.8454,11.2210,64.9336
1.10,210.0,60.0,0.50,0.50,126.6091,82.0869,145.7091,30.9863,33.3046
1.10,210.0,60.0,0.50,1.10,116.2178,78.5201,123.3743,24.7862,61.8395
1.10,210.0,60.0,0.80,0.50,123.3849,82.2884,134.4973,43.8102,31.6924
1.10,210.0,60.0,0.80,1.10,113.9835,78.8273,115.0566,35.5616,59.3818
1.10,210.0,75.0,0.20,0.50,145.4006,96.8500,158.8932,15.9065,35.2003
1.10,210.0,75.0,0.20,1.10,133.7601,93.1705,132.8387,12.5252,64.6361
1.10,210.0,75.0,0.50,0.50,140.8324,97.1355,143.0083,34.0755,32.9162
1.10,210.0,75.0,0.50,1.10,130.6747,93.5947,121.3527,27.4051,61.2422
1.10,210.0,75.0,0.80,0.50,137.3821,97.3511,131.0105,47.7984,31.1911
1.10,210.0,75.0,0.80,1.10,128.2639,93.9262,112.3777,39.0320,58.5902
1.10,240.0,30.0,0.20,0.50,111.5723,54.9017,185.4672,13.7467,40.7861
1.10,240.0,30.0,0.20,1.10,97.9236,50.6605,154.6791,10.6050,74.7159
1.10,240.0,30.0,0.50,0.50,107.4407,55.1600,171.1006,30.1790,38.7203
1.10,240.0,30.0,0.50,1.10,95.2006,51.0349,144.5423,23.7370,71.7207
1.10,240.0,30.0,0.80,0.50,104.1864,55.3634,159.7844,43.1225,37.0932
1.10,240.0,30.0,0.80,1.10,92.9864,51.3394,136.2992,34.4158,69.2850
1.10,240.0,45.0,0.20,0.50,126.1561,69.9277,184.0201,15.4019,40.5781
1.10,240.0,45.0,0.20,1.10,112.6464,65.6986,153.6474,11.9415,74.4111
1.10,240.0,45.0,0.50,0.50,121.6122,70.2117,168.2198,33.4740,38.3061
1.10,240.0,45.0,0.50,1.10,109.6288,66.1135,142.4137,26.4945,71.0917
1.10,240.0,45.0,0.80,0.50,118.0934,70.4317,155.9838,47.4695,36.5467
1.10,240.0,45.0,0.80,1.10,107.2123,66.4458,133.4174,38.1491,68.4335
1.10,240.0,60.0,0.20,0.50,140.7131,84.9554,182.4797,17.1637,40.3566
1.10,240.0,60.0,0.20,1.10,127.3500,80.7394,152.5437,13.3713,74.0850
1.10,240.0,60.0,0.50,0.50,135.7476,85.2658,165.2131,36.9131,37.8738
1.10,240.0,60.0,0.50,1.10,124.0277,81.1962,140.1759,29.3936,70.4305
1.10,240.0,60.0,0.80,0.50,131.9691,85.5019,152.0745,51.9410,35.9846
1.10,240.0,60.0,0.80,1.10,121.4094,81.5562,130.4286,42.0210,67.5503
1.10,240.0,75.0,0.20,0.50,155.2436,99.9848,180.8470,19.0312,40.1218
1.10,240.0,75.0,0.20,1.10,142.0341,95.7828,151.3680,14.8944,73.7376
1.10,240.0,75.0,0.50,0.50,149.8496,100.3219,162.0908,40.4844,37.4248
1.10,240.0,75.0,0.50,1.10,138.3990,96.2826,137.8355,32.4255,69.7389
1.10,240.0,75.0,0.80,0.50,145.8189,100.5738,148.0749,56.5156,35.4095
1.10,240.0,75.0,0.80,1.10,135.5814,96.6701,127.3463,46.0141,66.6396
1.40,120.0,30.0,0.20,0.50,76.9399,42.0663,89.6751,6.8549,23.4700
1.40,120.0,30.0,0.20,1.10,68.0832,39.7636,72.8219,5.2866,41.8915
1.40,120.0,30.0,0.50,0.50,74.3795,42.2263,82.6798,15.1305,22.1898
1.40,120.0,30.0,0.50,1.10,66.4458,39.9887,68.0324,11.8772,40.0903
1.40,120.0,30.0,0.80,0.50,72.3477,42.3533,77.1286,21.6975,21.1739
1.40,120.0,30.0,0.80,1.10,65.1069,40.1728,64.1161,17.2663,38.6175
1.40,120.0,45.0,0.20,0.50,91.6636,57.0835,88.9202,7.7480,23.3318
1.40,120.0,45.0,0.20,1.10,82.9060,54.7879,72.3037,5.9996,41.6966
1.40,120.0,45.0,0.50,0.50,88.8258,57.2609,81.1669,16.9202,21.9129
1.40,120.0,45.0,0.50,1.10,81.0785,55.0392,66.9581,13.3556,39.6863
1.40,120.0,45.0,0.80,0.50,86.6149,57.3991,75.1265,24.0661,20.8075
1.40,120.0,45.0,0.80,1.10,79.6083,55.2414,62.6578,19.2732,38.0691
1.40,120.0,60.0,0.20,0.50,106.3681,72.1020,88.1127,8.7033,23.1840
1.40,120.0,60.0,0.20,1.10,97.7157,69.8141,71.7469,6.7659,41.4872
1.40,120.0,60.0,0.50,0.50,103.2460,72.2971,79.5828,18.7942,21.6230
1.40,120.0,60.0,0.50,1.10,95.6911,70.0925,65.8249,14.9149,39.2602
1.40,120.0,60.0,0.80,0.50,100.8598,72.4463,73.0634,26.5067,20.4299
1.40,120.0,60.0,0.80,1.10,94.0900,70.3126,61.1419,21.3591,37.4990
1.40,120.0,75.0,0.20,0.50,121.0535,87.1217,87.2532,9.7200,23.0267
1.40,120.0,75.0,0.20,1.10,112.5121,84.8421,71.1514,7.5853,41.2633
1.40,120.0,75.0,0.50,0.50,117.6425,87.3348,77.9339,20.7449,21.3212
1.40,120.0,75.0,0.50,1.10,110.2848,85.1483,64.6367,16.5500,38.8133
1.40,120.0,75.0,0.80,0.50,115.0867,87.4946,70.9511,29.0056,20.0433
1.40,120.0,75.0,0.80,1.10,108.5548,85.3862,59.5764,23.5133,36.9103
1.40,150.0,30.0,0.20,0.50,88.5046,45.0935,111.6287,9.1190,29.2523
1.40,150.0,30.0,0.20,1.10,77.5161,42.2165,90.7704,6.9618,52.2678
1.40,150.0,30.0,0.50,0.50,85.1471,45.3033,102.4554,19.9710,27.5735
1.40,150.0,30.0,0.50,1.10,75.3801,42.5102,84.5226,15.5593,49.9181
1.40,150.0,30.0,0.80,0.50,82.5159,45.4678,95.2665,28.4756,26.2579
1.40,150.0,30.0,0.80,1.10,73.6488,42.7483,79.4583,22.5280,48.0136
1.40,150.0,45.0,0.20,0.50,103.1482,60.1157,110.6549,10.2710,29.0741
1.40,150.0,45.0,0.20,1.10,92.2884,57.2478,90.1043,7.8784,52.0173
1.40,150.0,45.0,0.50,0.50,99.4427,60.3473,100.5309,22.2478,27.2213
1.40,150.0,45.0,0.50,1.10,89.9125,57.5745,83.1547,17.4416,49.4037
1.40,150.0,45.0,0.80,0.50,96.5925,60.5255,92.7437,31.4601,25.7962
1.40,150.0,45.0,0.80,1.10,88.0184,57.8350,77.6146,25.0652,47.3203
1.40,150.0,60.0,0.20,0.50,117.7680,75.1395,109.6162,11.4998,28.8840
1.40,150.0,60.0,0.20,1.10,107.0442,72.2814,89.3901,8.8613,51.7487
1.40,150.0,60.0,0.50,0.50,113.7075,75.3933,98.5222,24.6241,26.8537
1.40,150.0,60.0,0.50,1.10,104.4205,72.6422,81.7157,19.4218,48.8626
1.40,150.0,60.0,0.80,0.50,110.6440,75.5847,90.1525,34.5255,25.3220
1.40,150.0,60.0,0.80,1.10,102.3650,72.9248,75.7034,27.6951,46.6015
1.40,150.0,75.0,0.20,0.50,132.3644,90.1647,108.5136,12.8042,28.6822
1.40,150.0,75.0,0.20,1.10,121.7836,87.3172,88.6279,9.9101,51.4620
1.40,150.0,75.0,0.50,0.50,127.9444,90.4410,96.4374,27.0904,26.4722
1.40,150.0,75.0,0.50,1.10,118.9059,87.7129,80.2105,21.4930,48.2965
1.40,150.0,75.0,0.80,0.50,124.6758,90.6453,87.5072,37.6549,24.8379
1.40,150.0,75.0,0.80,1.10,116.6919,88.0174,73.7346,30.4043,45.8611
1.40,180.0,30.0,0.20,0.50,99.9941,48.1254,133.3768,11.6261,34.9971
1.40,180.0,30.0,0.20,1.10,86.9106,44.6748,108.6065,8.7919,62.6017
1.40,180.0,30.0,0.50,0.50,95.7768,48.3890,121.8544,25.2572,32.8884
1.40,180.0,30.0,0.50,1.10,84.2394,45.0421,100.7932,19.5435,59.6634
1.40,180.0,30.0,0.80,0.50,92.5133,48.5929,112.9382,35.8051,31.2567
1.40,180.0,30.0,0.80,1.10,82.0935,45.3371,94.5164,28.1807,57.3029
1.40,180.0,45.0,0.20,0.50,114.5534,63.1529,132.1728,13.0505,34.7767
1.40,180.0,45.0,0.20,1.10,101.6299,59.7134,107.7852,9.9219,62.2929
1.40,180.0,45.0,0.50,0.50,109.9180,63.4426,119.5082,28.0328,32.4590
1.40,180.0,45.0,0.50,1.10,98.6685,60.1206,99.1232,21.8414,59.0354
1.40,180.0,45.0,0.80,0.50,106.3982,63.6626,109.8916,39.4092,30.6991
1.40,180.0,45.0,0.80,1.10,96.3294,60.4422,92.2814,31.2563,56.4623
1.40,180.0,60.0,0.20,0.50,129.0847,78.1822,130.8920,14.5656,34.5423
1.40,180.0,60.0,0.20,1.10,116.3295,74.7547,106.9065,11.1311,61.9624
1.40,180.0,60.0,0.50,0.50,124.0245,78.4985,117.0669,30.9208,32.0122
1.40,180.0,60.0,0.50,1.10,113.0694,75.2030,97.3708,24.2528,58.3763
1.40,180.0,60.0,0.80,0.50,120.2564,78.7340,106.7720,43.0998,30.1282
1.40,180.0,60.0,0.80,1.10,110.5394,75.5508,89.9706,34.4360,55.5933
1.40,180.0,75.0,0.20,0.50,143.5883,93.2132,129.5358,16.1700,34.2941
1.40,180.0,75.0,0.20,1.10,131.0095,89.7987,105.9707,12.4188,61.6105
1.40,180.0,75.0,0.50,0.50,138.0998,93.5563,114.5405,33.9096,31.5499
1.40,180.0,75.0,0.50,1.10,127.4442,90.2889,95.5422,26.7692,57.6886
1.40,180.0,75.0,0.80,0.50,134.0940,93.8066,103.5961,46.8569,29.5470
1.40,180.0,75.0,0.80,1.10,124.7276,90.6625,87.5961,37.7036,54.7004
1.40,210.0,30.0,0.20,0.50,111.4051,51.1622,154.9103,14.3871,40.7025
1.40,210.0,30.0,0.20,1.10,96.2650,47.1386,126.3252,10.7832,72.8915
1.40,210.0,30.0,0.50,0.50,106.2660,51.4834,140.8696,30.9974,38.1330
1.40,210.0,30.0,0.50,1.10,93.0218,47.5845,116.8389,23.8371,69.3240
1.40,210.0,30.0,0.80,0.50,102.3398,51.7288,130.1427,43.6874,36.1699
1.40,210.0,30.0,0.80,1.10,90.4400,47.9395,109.2869,34.2291,66.4840
1.40,210.0,45.0,0.20,0.50,125.8762,66.1952,153.4652,16.0967,40.4381
1.40,210.0,45.0,0.20,1.10,110.9288,62.1848,125.3418,12.1365,72.5217
1.40,210.0,45.0,0.50,0.50,120.2499,66.5469,138.0936,34.2815,37.6250
1.40,210.0,45.0,0.50,1.10,107.3450,62.6776,114.8590,26.5616,68.5794
1.40,210.0,45.0,0.80,0.50,116.0327,66.8105,126.5716,47.9120,35.5164
1.40,210.0,45.0,0.80,1.10,104.5405,63.0632,106.6558,37.8497,65.4945
1.40,210.0,60.0,0.20,0.50,140.3150,81.2303,151.9320,17.9105,40.1575
1.40,210.0,60.0,0.20,1.10,125.5698,77.2341,124.2917,13.5815,72.1268
1.40,210.0,60.0,0.50,0.50,134.1958,81.6128,135.2135,37.6886,37.0979
1.40,210.0,60.0,0.50,1.10,121.6364,77.7750,112.7865,29.4135,67.8000
1.40,210.0,60.0,0.80,0.50,129.6982,81.8939,122.9254,52.2255,34.8491
1.40,210.0,60.0,0.80,1.10,118.6128,78.1907,103.9425,41.5833,64.4741
1.40,210.0,75.0,0.20,0.50,154.7222,96.2674,150.3125,19.8264,39.8611
1.40,210.0,75.0,0.20,1.10,140.1883,92.2866,123.1756,15.1173,71.7071
1.40,210.0,75.0,0.50,0.50,148.1078,96.6808,132.2410,41.2051,36.5539
1.40,210.0,75.0,0.50,1.10,135.8987,92.8764,110.6287,32.3827,66.9886
1.40,210.0,75.0,0.80,0.50,143.3430,96.9786,119.2230,56.6055,34.1715
1.40,210.0,75.0,0.80,1.10,132.6618,93.3215,101.1608,45.4112,63.4280
1.40,240.0,30.0,0.20,0.50,122.7343,54.2041,176.2205,17.4123,46.3672
1.40,240.0,30.0,0.20,1.10,105.5778,49.6081,143.9221,12.9424,83.1355
1.40,240.0,30.0,0.50,0.50,116.6127,54.5867,159.4953,37.1983,43.3063
1.40,240.0,30.0,0.50,1.10,101.7257,50.1377,132.6548,28.4470,78.8983
1.40,240.0,30.0,0.80,0.50,111.9955,54.8753,146.8807,52.1216,40.9978
1.40,240.0,30.0,0.80,1.10,98.6872,50.5555,123.7673,40.6768,75.5559
1.40,240.0,45.0,0.20,0.50,137.1133,69.2429,174.5239,19.4194,46.0567
1.40,240.0,45.0,0.20,1.10,120.1837,64.6622,142.7695,14.5284,82.7021
1.40,240.0,45.0,0.50,0.50,130.4369,69.6602,156.2830,40.9986,42.7185
1.40,240.0,45.0,0.50,1.10,115.9404,65.2457,130.3579,31.6077,78.0345
1.40,240.0,45.0,0.80,0.50,125.4970,69.9689,142.7864,56.9651,40.2485
1.40,240.0,45.0,0.80,1.10,112.6511,65.6980,120.7365,44.8473,74.4162
1.40,240.0,60.0,0.20,0.50,151.4562,84.2840,172.7284,21.5435,45.7281
1.40,240.0,60.0,0.20,1.10,134.7638,79.7200,141.5414,16.2184,82.2402
1.40,240.0,60.0,0.50,0.50,144.2205,84.7362,152.9594,44.9303,42.1102
1.40,240.0,60.0,0.50,1.10,130.1204,80.3584,127.9592,34.9084,77.1324
1.40,240.0,60.0,0.80,0.50,138.9710,85.0643,138.6171,61.8974,39.4855
1.40,240.0,60.0,0.80,1.10,126.5851,80.8445,117.6187,49.1377,73.2437
1.40,240.0,75.0,0.20,0.50,165.7636,99.3273,170.8363,23.7819,45.3818
1.40,240.0,75.0,0.20,1.10,149.3184,94.7812,140.2385,18.0112,81.7503
1.40,240.0,75.0,0.50,0.50,157.9683,99.8145,149.5383,48.9776,41.4841
1.40,240.0,75.0,0.50,1.10,144.2685,95.4756,125.4675,38.3371,76.1954
1.40,240.0,75.0,0.80,0.50,152.4252,100.1609,134.3939,66.8935,38.7126
1.40,240.0,75.0,0.80,1.10,140.4948,95.9945,114.4293,53.5264,72.0442
1.70,120.0,30.0,0.20,0.50,82.2253,41.7359,85.7421,8.1452,26.1126
1.70,120.0,30.0,0.20,1.10,71.5138,39.2919,68.2346,6.1002,45.6651
1.70,120.0,30.0,0.50,0.50,78.7654,41.9522,77.9574,17.6599,24.3827
1.70,120.0,30.0,0.50,1.10,69.3922,39.5836,63.1241,13.5445,43.3314
1.70,120.0,30.0,0.80,0.50,76.0999,42.1188,71.9602,24.9899,23.0500
1.70,120.0,30.0,0.80,1.10,67.6924,39.8173,59.0296,19.5087,41.4616
1.70,120.0,45.0,0.20,0.50,96.8491,56.7594,84.8958,9.1797,25.9246
1.70,120.0,45.0,0.20,1.10,86.2830,54.3236,67.6787,6.9100,45.4113
1.70,120.0,45.0,0.50,0.50,93.0371,56.9977,76.3187,19.6628,24.0185
1.70,120.0,45.0,0.50,1.10,83.9248,54.6478,61.9982,15.1845,42.8173
1.70,120.0,45.0,0.80,0.50,90.1597,57.1775,69.8445,27.5757,22.5798
1.70,120.0,45.0,0.80,1.10,82.0692,54.9030,57.5285,21.6953,40.7761
1.70,120.0,60.0,0.20,0.50,111.4484,71.7845,83.9942,10.2816,25.7242
1.70,120.0,60.0,0.20,1.10,101.0357,69.3576,67.0830,7.7778,45.1392
1.70,120.0,60.0,0.50,0.50,107.2795,72.0450,74.6143,21.7460,23.6398
1.70,120.0,60.0,0.50,1.10,98.4342,69.7153,60.8165,16.9058,42.2776
1.70,120.0,60.0,0.80,0.50,104.1985,72.2376,67.6820,30.2188,22.0993
1.70,120.0,60.0,0.80,1.10,96.4255,69.9915,55.9778,23.9541,40.0680
1.70,120.0,75.0,0.20,0.50,126.0237,86.8110,83.0386,11.4495,25.5118
1.70,120.0,75.0,0.20,1.10,115.7720,84.3939,66.4478,8.7030,44.8492
1.70,120.0,75.0,0.50,0.50,121.4964,87.0940,72.8521,23.8997,23.2482
1.70,120.0,75.0,0.50,1.10,112.9224,84.7857,59.5837,18.7016,41.7147
1.70,120.0,75.0,0.80,0.50,118.2223,87.2986,65.4856,32.9033,21.6112
1.70,120.0,75.0,0.80,1.10,110.7648,85.0823,54.3865,26.2722,39.3413
1.70,150.0,30.0,0.20,0.50,95.0286,44.6857,106.6085,10.8772,32.5143
1.70,150.0,30.0,0.20,1.10,81.7700,41.6316,84.9990,8.0540,56.9470
1.70,150.0,30.0,0.50,0.50,90.4925,44.9692,96.4022,23.3515,30.2462
1.70,150.0,30.0,0.50,1.10,79.0015,42.0123,78.3300,17.7684,53.9016
1.70,150.0,30.0,0.80,0.50,87.0505,45.1843,88.6577,32.8170,28.5252
1.70,150.0,30.0,0.80,1.10,76.8063,42.3141,73.0422,25.4709,51.4869
1.70,150.0,45.0,0.20,0.50,109.5436,59.7160,105.5171,12.2111,32.2718
1.70,150.0,45.0,0.20,1.10,96.4733,56.6724,84.2843,9.0951,56.6207
1.70,150.0,45.0,0.50,0.50,104.5692,60.0269,94.3247,25.8907,29.7846
1.70,150.0,45.0,0.50,1.10,93.4074,57.0940,76.8990,19.8529,53.2481
1.70,150.0,45.0,0.80,0.50,100.8715,60.2580,86.0049,36.0593,27.9357
1.70,150.0,45.0,0.80,1.10,91.0206,57.4222,71.1496,28.2277,50.6227
1.70,150.0,60.0,0.20,0.50,124.0285,74.7482,104.3582,13.6276,32.0142
1.70,150.0,60.0,0.20,1.10,111.1561,71.7160,83.5202,10.2081,56.2717
1.70,150.0,60.0,0.50,0.50,118.6121,75.0867,92.1714,28.5225,29.3061
1.70,150.0,60.0,0.50,1.10,107.7856,72.1795,75.4012,22.0346,52.5642
1.70,150.0,60.0,0.80,0.50,114.6704,75.3331,83.3024,39.3624,27.3352
1.70,150.0,60.0,0.80,1.10,105.2113,72.5334,69.2002,31.0673,49.7325
1.70,150.0,75.0,0.20,0.50,138.4841,89.7822,103.1334,15.1246,31.7421
1.70,150.0,75.0,0.20,1.10,125.8187,86.7624,82.7073,11.3922,55.9005
1.70,150.0,75.0,0.50,0.50,132.6259,90.1484,89.9523,31.2348,28.8129
1.70,150.0,75.0,0.50,1.10,122.1386,87.2684,73.8428,24.3047,51.8525
1.70,150.0,75.0,0.80,0.50,128.4541,90.4091,80.5658,42.7072,26.7270
1.70,150.0,75.0,0.80,1.10,119.3830,87.6473,67.2049,33.9738,48.8213
1.70,180.0,30.0,0.20,0.50,107.7203,47.6425,127.2237,13.9162,38.8602
1.70,180.0,30.0,0.20,1.10,91.9728,43.9787,101.6344,10.1956,68.1700
1.70,180.0,30.0,0.50,0.50,102.0265,47.9983,114.4125,29.5743,36.0132
1.70,180.0,30.0,0.50,1.10,88.5101,44.4549,93.2934,22.3455,64.3611
1.70,180.0,30.0,0.80,0.50,97.7712,48.2643,104.8382,41.2762,33.8856
1.70,180.0,30.0,0.80,1.10,85.7935,44.8284,86.7495,31.8776,61.3728
1.70,180.0,45.0,0.20,0.50,122.1210,62.6799,125.8752,15.5642,38.5605
1.70,180.0,45.0,0.20,1.10,106.6069,59.0290,100.7532,11.4792,67.7676
1.70,180.0,45.0,0.50,0.50,115.9051,63.0684,111.8893,32.6581,35.4525
1.70,180.0,45.0,0.50,1.10,102.7862,59.5544,91.5497,24.8855,63.5648
1.70,180.0,45.0,0.80,0.50,111.3547,63.3528,101.6509,45.1718,33.1773
1.70,180.0,45.0,0.80,1.10,99.8438,59.9590,84.4620,35.2099,60.3282
1.70,180.0,60.0,0.20,0.50,136.4865,77.7196,124.4476,17.3091,38.2433
1.70,180.0,60.0,0.20,1.10,121.2168,74.0827,99.8134,12.8482,67.3385
1.70,180.0,60.0,0.50,0.50,129.7466,78.1408,109.2827,35.8440,34.8733
1.70,180.0,60.0,0.50,1.10,117.0306,74.6583,89.7296,27.5368,62.7337
1.70,180.0,60.0,0.80,0.50,124.9160,78.4427,98.4140,49.1280,32.4580
1.70,180.0,60.0,0.80,1.10,113.8683,75.0931,82.1122,38.6327,59.2551
1.70,180.0,75.0,0.20,0.50,150.8179,92.7614,122.9432,19.1479,37.9089
1.70,180.0,75.0,0.20,1.10,135.8026,89.1396,98.8157,14.3014,66.8829
1.70,180.0,75.0,0.50,0.50,143.5563,93.2152,106.6045,39.1173,34.2781
1.70,180.0,75.0,0.50,1.10,131.2464,89.7661,87.8405,30.2885,61.8710
1.70,180.0,75.0,0.80,0.50,138.4632,93.5335,95.1453,53.1231,31.7316
1.70,180.0,75.0,0.80,1.10,127.8724,90.2301,79.7131,42.1273,58.1596
1.70,210.0,30.0,0.20,0.50,120.2957,50.6065,147.5771,17.2750,45.1479
1.70,210.0,30.0,0.20,1.10,102.1197,46.3335,118.1353,12.5330,79.3316
1.70,210.0,30.0,0.50,0.50,113.3652,51.0397,131.9834,36.3340,41.6826
1.70,210.0,30.0,0.50,1.10,97.9160,46.9116,108.0094,27.2831,74.7076
1.70,210.0,30.0,0.80,0.50,108.2639,51.3585,120.5056,50.3625,39.1320
1.70,210.0,30.0,0.80,1.10,94.6531,47.3602,100.1497,38.7319,71.1184
1.70,210.0,45.0,0.20,0.50,134.5772,65.6514,145.9604,19.2511,44.7886
1.70,210.0,45.0,0.20,1.10,116.6817,61.3938,117.0803,14.0699,78.8498
1.70,210.0,45.0,0.50,0.50,127.0437,66.1223,129.0100,39.9681,41.0218
1.70,210.0,45.0,0.50,1.10,112.0595,62.0293,105.9463,30.2883,73.7655
1.70,210.0,45.0,0.80,0.50,121.6121,66.4617,116.7890,54.9050,38.3060
1.70,210.0,45.0,0.80,1.10,108.5385,62.5135,97.4649,42.6427,69.8924
1.70,210.0,60.0,0.20,0.50,148.8186,80.6988,144.2536,21.3371,44.4093
1.70,210.0,60.0,0.20,1.10,131.2156,76.4579,115.9576,15.7053,78.3372
1.70,210.0,60.0,0.50,0.50,140.6827,81.2073,125.9477,43.7109,40.3413
1.70,210.0,60.0,0.50,1.10,126.1679,77.1519,103.7985,33.4168,72.7847
1.70,210.0,60.0,0.80,0.50,134.9393,81.5663,113.0253,59.5051,37.4697
1.70,210.0,60.0,0.80,1.10,122.3967,77.6705,94.7143,46.6494,68.6363
1.70,210.0,75.0,0.20,0.50,163.0214,95.7487,142.4599,23.5293,44.0107
1.70,210.0,75.0,0.20,1.10,145.7219,91.5257,114.7684,17.4375,77.7941
1.70,210.0,75.0,0.50,0.50,154.2882,96.2945,122.8103,47.5456,39.6441
1.70,210.0,75.0,0.50,1.10,140.2447,92.2789,101.5748,36.6560,71.7692
1.70,210.0,75.0,0.80,0.50,148.2545,96.6716,109.2343,64.1385,36.6272
1.70,210.0,75.0,0.80,1.10,136.2336,92.8304,91.9127,50.7303,67.3570
1.70,240.0,30.0,0.20,0.50,132.7504,53.5781,167.6589,20.9659,51.3752
1.70,240.0,30.0,0.20,1.10,112.2086,48.6963,134.4965,15.0740,90.4294
1.70,240.0,30.0,0.50,0.50,124.5074,54.0933,149.1122,43.6341,47.2537
1.70,240.0,30.0,0.50,1.10,107.2173,49.3826,122.4735,32.5875,84.9390
1.70,240.0,30.0,0.80,0.50,118.5313,54.4668,135.6661,60.0683,44.2657
1.70,240.0,30.0,0.80,1.10,103.3848,49.9096,113.2415,46.0352,80.7232
1.70,240.0,45.0,0.20,0.50,146.9079,68.6308,165.7634,23.2827,50.9540
1.70,240.0,45.0,0.20,1.10,126.6954,63.7669,133.2604,16.8746,89.8650
1.70,240.0,45.0,0.50,0.50,137.9846,69.1885,145.6860,47.8217,46.4923
1.70,240.0,45.0,0.50,1.10,121.2259,64.5189,120.0854,36.0661,83.8485
1.70,240.0,45.0,0.80,0.50,131.6474,69.5845,131.4273,65.2490,43.3237
1.70,240.0,45.0,0.80,1.10,117.1049,65.0856,110.1586,50.5260,79.3154
1.70,240.0,60.0,0.20,0.50,161.0211,83.6862,163.7680,25.7215,50.5105
1.70,240.0,60.0,0.20,1.10,141.1506,78.8418,131.9480,18.7863,89.2656
1.70,240.0,60.0,0.50,0.50,151.4209,84.2862,142.1676,52.1219,45.7105
1.70,240.0,60.0,0.50,1.10,135.1964,79.6605,117.6055,39.6784,82.7161
1.70,240.0,60.0,0.80,0.50,144.7447,84.7035,127.1462,70.4815,42.3723
1.70,240.0,60.0,0.80,1.10,130.7970,80.2654,107.0080,55.1153,77.8767
1.70,240.0,75.0,0.20,0.50,175.0915,98.7443,161.6765,28.2778,50.0457
1.70,240.0,75.0,0.20,1.10,155.5747,93.9210,130.5608,20.8071,88.6322
1.70,240.0,75.0,0.50,0.50,164.8231,99.3861,138.5725,56.5159,44.9115
1.70,240.0,75.0,0.50,1.10,149.1330,94.8067,115.0440,43.4097,81.5463
1.70,240.0,75.0,0.80,0.50,157.8327,99.8230,122.8442,75.7394,41.4164
1.70,240.0,75.0,0.80,1.10,144.4678,95.4482,103.8062,59.7792,76.4146
2.00,120.0,30.0,0.20,0.50,87.0480,41.4345,82.1044,9.3716,28.5240
2.00,120.0,30.0,0.20,1.10,74.5324,38.8768,64.1800,6.8344,48.9856
2.00,120.0,30.0,0.50,0.50,82.6517,41.7093,73.6963,19.9779,26.3258
2.00,120.0,30.0,0.50,1.10,71.9337,39.2341,58.8592,15.0138,46.1270
2.00,120.0,30.0,0.80,0.50,79.3556,41.9153,67.3926,27.9296,24.6778
2.00,120.0,30.0,0.80,1.10,69.8889,39.5153,54.6725,21.4497,43.8778
2.00,120.0,45.0,0.20,0.50,101.5666,56.4646,81.1837,10.5330,28.2833
2.00,120.0,45.0,0.20,1.10,89.2483,53.9159,63.5984,7.7285,48.6731
2.00,120.0,45.0,0.50,0.50,96.7488,56.7657,71.9696,22.1561,25.8744
2.00,120.0,45.0,0.50,1.10,86.3702,54.3116,57.7056,16.7872,45.5073
2.00,120.0,45.0,0.80,0.50,93.2153,56.9865,65.2118,30.6806,24.1077
2.00,120.0,45.0,0.80,1.10,84.1493,54.6170,53.1581,23.7777,43.0642
2.00,120.0,60.0,0.20,0.50,116.0558,71.4965,80.2066,11.7655,28.0279
2.00,120.0,60.0,0.20,1.10,103.9446,68.9576,62.9766,8.6843,48.3391
2.00,120.0,60.0,0.50,0.50,110.8153,71.8240,70.1842,24.4081,25.4076
2.00,120.0,60.0,0.50,1.10,100.7814,69.3926,56.4999,18.6406,44.8595
2.00,120.0,60.0,0.80,0.50,107.0578,72.0589,62.9980,33.4731,23.5289
2.00,120.0,60.0,0.80,1.10,98.3892,69.7215,51.6018,26.1701,42.2281
2.00,120.0,75.0,0.20,0.50,130.5164,86.5302,79.1750,13.0668,27.7582
2.00,120.0,75.0,0.20,1.10,118.6217,84.0020,62.3153,9.7008,47.9838
2.00,120.0,75.0,0.50,0.50,124.8559,86.8840,68.3494,26.7226,24.9280
2.00,120.0,75.0,0.50,1.10,115.1697,84.4767,55.2474,20.5659,44.1866
2.00,120.0,75.0,0.80,0.50,120.8901,87.1319,60.7648,36.2901,22.9451
2.00,120.0,75.0,0.80,1.10,112.6133,84.8282,50.0131,28.6123,41.3746
2.00,150.0,30.0,0.20,0.50,100.9613,44.3149,101.9635,12.5558,35.4807
2.00,150.0,30.0,0.20,1.10,85.5066,41.1178,79.8998,9.0429,61.0573
2.00,150.0,30.0,0.50,0.50,95.2019,44.6749,90.9486,26.4504,32.6010
2.00,150.0,30.0,0.50,1.10,82.1152,41.5842,72.9559,19.7174,57.3267
2.00,150.0,30.0,0.80,0.50,90.9589,44.9401,82.8338,36.6868,30.4794
2.00,150.0,30.0,0.80,1.10,79.4782,41.9467,67.5566,28.0174,54.4260
2.00,150.0,45.0,0.20,0.50,115.3410,59.3537,100.7773,14.0522,35.1705
2.00,150.0,45.0,0.20,1.10,100.1414,56.1681,79.1520,10.1924,60.6556
2.00,150.0,45.0,0.50,0.50,109.0615,59.7462,88.7676,29.2017,32.0307
2.00,150.0,45.0,0.50,1.10,96.4003,56.6825,71.4921,21.9675,56.5403
2.00,150.0,45.0,0.80,0.50,104.5359,60.0290,80.1124,40.1196,29.7680
2.00,150.0,45.0,0.80,1.10,93.5481,57.0746,65.6522,30.9448,53.4029
2.00,150.0,60.0,0.20,0.50,129.6851,74.3947,99.5227,15.6348,34.8425
2.00,150.0,60.0,0.20,1.10,114.7520,71.2216,78.3547,11.4181,60.2272
2.00,150.0,60.0,0.50,0.50,122.8866,74.8196,86.5207,32.0360,31.4433
2.00,150.0,60.0,0.50,1.10,110.6554,71.7849,69.9669,24.3122,55.7209
2.00,150.0,60.0,0.80,0.50,118.0963,75.1190,77.3591,43.5927,29.0481
2.00,150.0,60.0,0.80,1.10,107.5952,72.2057,63.7011,33.9442,52.3547
2.00,150.0,75.0,0.20,0.50,143.9947,89.4378,98.2023,17.3003,34.4973
2.00,150.0,75.0,0.20,1.10,129.3389,86.2784,77.5088,12.7185,59.7727
2.00,150.0,75.0,0.50,0.50,136.6833,89.8948,84.2192,34.9391,30.8416
2.00,150.0,75.0,0.50,1.10,124.8837,86.8910,68.3869,26.7410,54.8721
2.00,150.0,75.0,0.80,0.50,131.6483,90.2095,74.5900,47.0859,28.3242
2.00,150.0,75.0,0.80,1.10,121.6250,87.3391,61.7147,36.9978,51.2875
2.00,180.0,30.0,0.20,0.50,114.7212,47.2049,121.5292,16.1102,42.3606
2.00,180.0,30.0,0.20,1.10,96.4112,43.3685,95.4770,11.4706,73.0524
2.00,180.0,30.0,0.50,0.50,107.5007,47.6562,107.7201,33.5296,38.7503
2.00,180.0,30.0,0.50,1.10,92.1702,43.9516,86.7935,24.8192,68.3872
2.00,180.0,30.0,0.80,0.50,102.2731,47.9829,97.7223,46.1412,36.1365
2.00,180.0,30.0,0.80,1.10,88.9120,44.3996,80.1223,35.0745,64.8032
2.00,180.0,45.0,0.20,0.50,128.9557,62.2528,120.0652,17.9569,41.9778
2.00,180.0,45.0,0.20,1.10,110.9611,58.4304,94.5553,12.8876,72.5572
2.00,180.0,45.0,0.50,0.50,121.1210,62.7424,105.0814,36.8581,38.0605
2.00,180.0,45.0,0.50,1.10,106.3008,59.0711,85.0133,27.5559,67.4308
2.00,180.0,45.0,0.80,0.50,115.5718,63.0893,94.4685,50.2456,35.2859
2.00,180.0,45.0,0.80,1.10,102.7908,59.5538,77.8267,38.6033,63.5699
2.00,180.0,60.0,0.20,0.50,143.1488,77.3032,118.5221,19.9035,41.5744
2.00,180.0,60.0,0.20,1.10,125.4823,73.4962,93.5749,14.3946,72.0305
2.00,180.0,60.0,0.50,0.50,134.7046,77.8310,102.3725,40.2753,37.3523
2.00,180.0,60.0,0.50,1.10,120.3974,74.1954,83.1636,30.3993,66.4371
2.00,180.0,60.0,0.80,0.50,128.8558,78.1965,91.1867,54.3854,34.4279
2.00,180.0,60.0,0.80,1.10,116.6454,74.7113,75.4814,42.2086,62.3099
2.00,180.0,75.0,0.20,0.50,157.3022,92.3561,116.9030,21.9459,41.1511
2.00,180.0,75.0,0.20,1.10,139.9755,88.5659,92.5373,15.9896,71.4730
2.00,180.0,75.0,0.50,0.50,148.2582,92.9214,99.6063,43.7646,36.6291
2.00,180.0,75.0,0.50,1.10,134.4640,89.3237,81.2526,33.3370,65.4104
2.00,180.0,75.0,0.80,0.50,142.1346,93.3041,87.8949,58.5378,33.5673
2.00,180.0,75.0,0.80,1.10,130.4822,89.8712,73.0998,45.8698,61.0304
2.00,210.0,30.0,0.20,0.50,128.3215,50.1049,140.7900,20.0493,49.1608
2.00,210.0,30.0,0.20,1.10,107.2433,45.6290,110.9057,14.1267,84.9676
2.00,210.0,30.0,0.50,0.50,119.5472,50.6533,124.0091,41.2173,44.7736
2.00,210.0,30.0,0.50,1.10,102.0966,46.3367,100.3677,30.3261,79.3062
2.00,210.0,30.0,0.80,0.50,113.3033,51.0435,112.0676,56.2807,41.6517
2.00,210.0,30.0,0.80,1.10,98.1901,46.8739,92.3692,42.6217,75.0091
2.00,210.0,45.0,0.20,0.50,142.4051,65.1622,139.0373,22.2601,48.7026
2.00,210.0,45.0,0.20,1.10,121.7045,60.7031,109.8024,15.8227,84.3749
2.00,210.0,45.0,0.50,0.50,132.9280,65.7545,120.9123,45.1237,43.9640
2.00,210.0,45.0,0.50,1.10,116.0700,61.4779,98.2658,33.5573,78.1770
2.00,210.0,45.0,0.80,0.50,126.3292,66.1669,108.2921,61.0433,40.6646
2.00,210.0,45.0,0.80,1.10,111.8780,62.0543,89.6826,46.7516,73.5658
2.00,210.0,60.0,0.20,0.50,156.4422,80.2224,137.1957,24.5832,48.2211
2.00,210.0,60.0,0.20,1.10,136.1328,75.7817,108.6320,17.6219,83.7461
2.00,210.0,60.0,0.50,0.50,146.2709,80.8581,117.7431,49.1215,43.1354
2.00,210.0,60.0,0.50,1.10,130.0062,76.6241,96.0878,36.9054,77.0069
2.00,210.0,60.0,0.80,0.50,139.3436,81.2910,104.4946,65.8335,39.6718
2.00,210.0,60.0,0.80,1.10,125.5410,77.2381,86.9452,50.9598,72.0951
2.00,210.0,75.0,0.20,0.50,170.4349,95.2853,135.2692,27.0133,47.7174
2.00,210.0,75.0,0.20,1.10,150.5292,90.8647,107.3960,19.5218,83.0821
2.00,210.0,75.0,0.50,0.50,159.5836,95.9635,114.5162,53.1920,42.2918
2.00,210.0,75.0,0.50,1.10,143.9100,91.7749,93.8433,40.3556,75.8011
2.00,210.0,75.0,0.80,0.50,152.3568,96.4152,100.6949,70.6267,38.6784
2.00,210.0,75.0,0.80,1.10,139.1865,92.4244,84.1719,55.2230,70.6052
2.00,240.0,30.0,0.20,0.50,141.7571,53.0152,159.7354,24.3860,55.8785
2.00,240.0,30.0,0.20,1.10,118.0000,47.9000,126.1800,17.0200,96.8000
2.00,240.0,30.0,0.50,0.50,131.3421,53.6661,139.8168,49.5122,50.6710
2.00,240.0,30.0,0.50,1.10,111.8925,48.7398,113.6748,36.2434,90.0817
2.00,240.0,30.0,0.80,0.50,124.0557,54.1215,125.8816,67.0906,47.0279
2.00,240.0,30.0,0.80,1.10,107.3128,49.3695,104.2980,50.6579,85.0441
2.00,240.0,45.0,0.20,0.50,155.6847,68.0822,157.6844,26.9733,55.3423
2.00,240.0,45.0,0.20,1.10,132.3691,62.9868,124.8882,19.0059,96.1060
2.00,240.0,45.0,0.50,0.50,144.4842,68.7822,136.2635,53.9944,49.7421
2.00,240.0,45.0,0.50,1.10,125.7068,63.9028,111.2471,39.9755,88.7774
2.00,240.0,45.0,0.80,0.50,136.8153,69.2615,121.5967,72.4957,45.9076
2.00,240.0,45.0,0.80,1.10,120.8105,64.5761,101.2219,55.3866,83.3915
2.00,240.0,60.0,0.20,0.50,169.5612,83.1524,155.5357,29.6837,54.7806
2.00,240.0,60.0,0.20,1.10,146.7013,78.0786,123.5209,21.1077,95.3714
2.00,240.0,60.0,0.50,0.50,157.5884,83.9007,132.6378,58.5680,48.7942
2.00,240.0,60.0,0.50,1.10,139.4814,79.0713,108.7381,43.8324,87.4295
2.00,240.0,60.0,0.80,0.50,149.5675,84.4020,117.2979,77.9184,44.7838
2.00,240.0,60.0,0.80,1.10,134.2835,79.7860,98.0954,60.1928,81.7118
2.00,240.0,75.0,0.20,0.50,183.3892,98.2257,153.2944,32.5110,54.1946
2.00,240.0,75.0,0.20,1.10,160.9977,93.1753,122.0804,23.3221,94.5975
2.00,240.0,75.0,0.50,0.50,170.6633,99.0210,128.9561,63.2123,47.8316
2.00,240.0,75.0,0.50,1.10,153.2216,94.2445,106.1588,47.7974,86.0438
2.00,240.0,75.0,0.80,0.50,162.3234,99.5423,113.0061,83.3322,43.6617
2.00,240.0,75.0,0.80,1.10,147.7400,94.9983,94.9351,65.0510,80.0140
