chassis_option,engine_option,transmission_option,clutch_option,cooling_option,intake_option,exhaust_option,fuel_option,brakes_option,cabin_option,electrical_option,oil_option,rops_option,steering_option,suspension_front_option,suspension_rear_option,speed_kmh,yaw_deg,CD,CL,CY,CM,notes
CHS-A3,ENG-A1,TRN-A1,CLT-A3,COL-A2,INT-A1,EXH-A1,FUL-A1,BRK-A3,CAB-A1,ELE-A3,OIL-A3,ROPS-A1,STR-A2,SFR-A1,SRR-A1,66.6,-3.1,0.3968,0.0469,-0.0183,-0.0071,
CHS-A3,ENG-A2,TRN-A1,CLT-A3,COL-A2,INT-A3,EXH-A1,FUL-A2,BRK-A1,CAB-A2,ELE-A3,OIL-A3,NONE,STR-A2,SFR-A3,SRR-A1,109.3,1.6,0.4651,0.083,0.0136,0.0044,
CHS-A1,ENG-A2,TRN-A2,CLT-A2,COL-A3,INT-A2,EXH-A1,FUL-A2,BRK-A2,CAB-A1,ELE-A2,OIL-A3,NONE,STR-A3,SFR-A1,SRR-A3,104.4,0.1,0.4641,0.061,0.0142,-0.0009,
CHS-A2,ENG-A1,TRN-A1,CLT-A1,COL-A2,INT-A2,EXH-A2,FUL-A1,BRK-A1,NONE,ELE-A3,OIL-A3,ROPS-A2,STR-A3,SFR-A2,SRR-A2,121.9,-10.7,0.3255,0.0046,-0.1009,-0.0376,
CHS-A2,ENG-A3,TRN-A2,CLT-A2,COL-A1,INT-A1,EXH-A3,FUL-A2,BRK-A1,CAB-A3,ELE-A1,OIL-A1,ROPS-A3,STR-A3,SFR-A2,SRR-A3,64.4,-1.2,0.494,0.0829,-0.0024,-0.0057,
CHS-A1,ENG-A3,TRN-A3,CLT-A1,COL-A3,INT-A3,EXH-A2,FUL-A3,BRK-A2,CAB-A1,ELE-A2,OIL-A1,ROPS-A2,STR-A3,SFR-A3,SRR-A2,128.0,0.2,0.5319,0.093,0.0062,-0.0033,
CHS-A1,ENG-A1,TRN-A2,CLT-A1,COL-A3,INT-A3,EXH-A1,FUL-A3,BRK-A2,CAB-A2,ELE-A1,OIL-A2,NONE,STR-A2,SFR-A1,SRR-A1,76.9,4.3,0.4403,0.0696,0.0073,0.0053,
CHS-A3,ENG-A2,TRN-A2,CLT-A3,COL-A2,INT-A1,EXH-A1,FUL-A1,BRK-A1,CAB-A2,ELE-A3,OIL-A3,ROPS-A1,STR-A1,SFR-A1,SRR-A1,109.5,-0.3,0.4087,0.0657,-0.0045,0.0039,
CHS-A2,ENG-A3,TRN-A2,CLT-A1,COL-A3,INT-A1,EXH-A3,FUL-A3,BRK-A3,CAB-A2,ELE-A2,OIL-A2,ROPS-A1,STR-A1,SFR-A3,SRR-A2,84.8,0.7,0.4535,0.057,-0.0032,0.0072,
CHS-A1,ENG-A1,TRN-A1,CLT-A1,COL-A3,INT-A2,EXH-A1,FUL-A2,BRK-A1,CAB-A1,ELE-A1,OIL-A1,ROPS-A2,STR-A3,SFR-A1,SRR-A1,105.7,1.8,0.4594,0.0731,0.0199,0.003,
CHS-A3,ENG-A3,TRN-A2,CLT-A1,COL-A1,INT-A2,EXH-A1,FUL-A1,BRK-A3,CAB-A3,ELE-A1,OIL-A3,ROPS-A2,STR-A1,SFR-A3,SRR-A2,95.2,-10.3,0.5785,0.1057,-0.1246,-0.0329,
CHS-A3,ENG-A1,TRN-A2,CLT-A1,COL-A3,INT-A1,EXH-A3,FUL-A3,BRK-A1,CAB-A3,ELE-A2,OIL-A3,ROPS-A3,STR-A3,SFR-A2,SRR-A2,74.3,-7.8,0.5223,0.1041,-0.0934,-0.0241,
CHS-A1,ENG-A1,TRN-A2,CLT-A3,COL-A3,INT-A1,EXH-A1,FUL-A3,BRK-A1,CAB-A2,ELE-A1,OIL-A2,NONE,STR-A1,SFR-A2,SRR-A2,71.0,6.1,0.4129,0.0512,0.022,0.0071,
CHS-A3,ENG-A2,TRN-A3,CLT-A1,COL-A1,INT-A2,EXH-A1,FUL-A1,BRK-A3,CAB-A2,ELE-A2,OIL-A2,ROPS-A3,STR-A3,SFR-A2,SRR-A1,108.1,0.2,0.5172,0.1104,0.0107,0.0026,
CHS-A2,ENG-A1,TRN-A1,CLT-A2,COL-A1,INT-A3,EXH-A2,FUL-A1,BRK-A3,CAB-A2,ELE-A3,OIL-A2,ROPS-A2,STR-A1,SFR-A1,SRR-A3,123.3,2.0,0.4418,0.0877,0.0246,0.0036,
CHS-A1,ENG-A2,TRN-A1,CLT-A3,COL-A1,INT-A3,EXH-A1,FUL-A2,BRK-A3,NONE,ELE-A2,OIL-A3,ROPS-A3,STR-A1,SFR-A1,SRR-A1,121.7,6.0,0.3307,-0.0136,0.0652,0.0133,
CHS-A3,ENG-A1,TRN-A2,CLT-A1,COL-A3,INT-A1,EXH-A2,FUL-A1,BRK-A2,CAB-A1,ELE-A2,OIL-A2,ROPS-A2,STR-A1,SFR-A1,SRR-A1,106.2,-0.2,0.4492,0.0712,-0.0073,-0.0066,
CHS-A3,ENG-A2,TRN-A1,CLT-A1,COL-A2,INT-A1,EXH-A3,FUL-A2,BRK-A1,CAB-A1,ELE-A2,OIL-A2,ROPS-A3,STR-A2,SFR-A2,SRR-A3,128.9,-0.3,0.5013,0.0893,0.0028,0.0002,
CHS-A3,ENG-A3,TRN-A3,CLT-A3,COL-A3,INT-A3,EXH-A3,FUL-A1,BRK-A2,CAB-A2,ELE-A3,OIL-A2,ROPS-A3,STR-A3,SFR-A1,SRR-A3,123.0,-1.3,0.5476,0.0955,-0.0242,-0.0029,
CHS-A2,ENG-A3,TRN-A3,CLT-A1,COL-A3,INT-A3,EXH-A2,FUL-A2,BRK-A3,CAB-A3,ELE-A2,OIL-A2,ROPS-A1,STR-A3,SFR-A3,SRR-A3,82.6,4.1,0.5018,0.0677,0.034,-0.0008,
CHS-A3,ENG-A1,TRN-A3,CLT-A1,COL-A2,INT-A3,EXH-A3,FUL-A3,BRK-A3,CAB-A2,ELE-A1,OIL-A3,ROPS-A2,STR-A1,SFR-A1,SRR-A1,63.2,3.3,0.4976,0.065,0.0439,0.0079,
CHS-A3,ENG-A3,TRN-A2,CLT-A2,COL-A2,INT-A1,EXH-A1,FUL-A3,BRK-A3,CAB-A1,ELE-A1,OIL-A2,ROPS-A1,STR-A3,SFR-A3,SRR-A2,63.5,1.9,0.4688,0.0633,-0.0012,0.0077,
CHS-A2,ENG-A3,TRN-A3,CLT-A3,COL-A2,INT-A3,EXH-A2,FUL-A1,BRK-A3,NONE,ELE-A2,OIL-A2,ROPS-A3,STR-A3,SFR-A2,SRR-A3,93.9,-0.3,0.3484,-0.0085,-0.0026,0.0027,
CHS-A3,ENG-A1,TRN-A1,CLT-A1,COL-A1,INT-A2,EXH-A3,FUL-A1,BRK-A3,CAB-A1,ELE-A2,OIL-A2,ROPS-A2,STR-A2,SFR-A2,SRR-A1,74.5,3.3,0.4857,0.0683,0.031,0.0127,
CHS-A1,ENG-A2,TRN-A2,CLT-A2,COL-A2,INT-A3,EXH-A3,FUL-A3,BRK-A3,CAB-A3,ELE-A1,OIL-A2,ROPS-A1,STR-A2,SFR-A2,SRR-A1,87.2,8.9,0.475,0.0732,0.0529,0.0294,
CHS-A3,ENG-A1,TRN-A2,CLT-A3,COL-A3,INT-A3,EXH-A1,FUL-A1,BRK-A3,CAB-A2,ELE-A2,OIL-A1,ROPS-A1,STR-A2,SFR-A2,SRR-A1,91.8,-4.1,0.4569,0.0659,-0.017,-0.0085,
CHS-A1,ENG-A2,TRN-A1,CLT-A3,COL-A3,INT-A1,EXH-A2,FUL-A1,BRK-A3,CAB-A1,ELE-A3,OIL-A1,ROPS-A3,STR-A1,SFR-A1,SRR-A1,103.5,-1.5,0.4717,0.0829,-0.0177,-0.0048,
CHS-A3,ENG-A3,TRN-A3,CLT-A3,COL-A1,INT-A1,EXH-A2,FUL-A1,BRK-A3,CAB-A1,ELE-A2,OIL-A3,ROPS-A3,STR-A2,SFR-A2,SRR-A3,73.9,2.9,0.5304,0.0773,0.0295,0.0061,
CHS-A3,ENG-A3,TRN-A1,CLT-A3,COL-A1,INT-A2,EXH-A3,FUL-A2,BRK-A3,CAB-A2,ELE-A3,OIL-A3,ROPS-A2,STR-A2,SFR-A2,SRR-A1,90.3,2.6,0.5352,0.0878,0.0371,0.0043,
CHS-A3,ENG-A3,TRN-A2,CLT-A2,COL-A2,INT-A3,EXH-A3,FUL-A2,BRK-A2,CAB-A3,ELE-A1,OIL-A2,NONE,STR-A1,SFR-A2,SRR-A3,102.7,-0.6,0.5169,0.0831,-0.0026,0.0012,
CHS-A2,ENG-A2,TRN-A2,CLT-A3,COL-A3,INT-A2,EXH-A3,FUL-A1,BRK-A3,NONE,ELE-A1,OIL-A1,ROPS-A3,STR-A2,SFR-A3,SRR-A1,108.3,-0.3,0.3442,-0.0135,-0.0022,0.005,
CHS-A2,ENG-A3,TRN-A3,CLT-A2,COL-A2,INT-A3,EXH-A3,FUL-A2,BRK-A2,NONE,ELE-A3,OIL-A2,ROPS-A2,STR-A2,SFR-A2,SRR-A2,77.6,0.5,0.3347,-0.0399,0.0024,0.0025,
CHS-A2,ENG-A2,TRN-A3,CLT-A3,COL-A3,INT-A3,EXH-A2,FUL-A1,BRK-A1,CAB-A2,ELE-A2,OIL-A1,ROPS-A2,STR-A3,SFR-A3,SRR-A1,79.2,1.6,0.4828,0.0748,0.0161,0.0087,
CHS-A1,ENG-A3,TRN-A2,CLT-A2,COL-A2,INT-A2,EXH-A2,FUL-A1,BRK-A1,CAB-A1,ELE-A2,OIL-A1,ROPS-A3,STR-A2,SFR-A2,SRR-A1,100.4,-10.4,0.5435,0.0979,-0.1572,-0.0396,
CHS-A3,ENG-A2,TRN-A3,CLT-A3,COL-A3,INT-A1,EXH-A3,FUL-A2,BRK-A2,NONE,ELE-A2,OIL-A3,NONE,STR-A2,SFR-A3,SRR-A3,64.2,-12.0,0.3501,-0.0169,-0.0458,-0.0105,
CHS-A1,ENG-A1,TRN-A3,CLT-A1,COL-A1,INT-A1,EXH-A2,FUL-A2,BRK-A3,CAB-A3,ELE-A2,OIL-A1,ROPS-A1,STR-A3,SFR-A2,SRR-A3,120.2,1.2,0.4225,0.0866,0.0079,-0.0033,
CHS-A1,ENG-A2,TRN-A1,CLT-A3,COL-A1,INT-A3,EXH-A1,FUL-A2,BRK-A1,CAB-A1,ELE-A1,OIL-A2,ROPS-A3,STR-A3,SFR-A2,SRR-A2,68.7,6.0,0.5107,0.0768,0.0678,0.021,
CHS-A1,ENG-A2,TRN-A3,CLT-A2,COL-A3,INT-A2,EXH-A1,FUL-A1,BRK-A1,NONE,ELE-A3,OIL-A3,NONE,STR-A3,SFR-A2,SRR-A3,62.8,-0.9,0.2991,-0.0478,-0.0006,0.0037,
CHS-A3,ENG-A2,TRN-A1,CLT-A2,COL-A2,INT-A2,EXH-A2,FUL-A2,BRK-A3,CAB-A1,ELE-A1,OIL-A2,ROPS-A2,STR-A2,SFR-A2,SRR-A3,126.2,1.5,0.5286,0.0925,0.0114,0.0149,
CHS-A2,ENG-A3,TRN-A1,CLT-A3,COL-A3,INT-A2,EXH-A2,FUL-A1,BRK-A1,CAB-A2,ELE-A3,OIL-A2,ROPS-A3,STR-A1,SFR-A1,SRR-A2,98.4,-1.9,0.5218,0.0806,-0.0182,-0.0087,
CHS-A1,ENG-A3,TRN-A1,CLT-A2,COL-A3,INT-A1,EXH-A3,FUL-A2,BRK-A1,CAB-A1,ELE-A1,OIL-A2,NONE,STR-A3,SFR-A1,SRR-A2,125.3,-0.9,0.4142,0.0524,-0.0032,-0.0034,
CHS-A1,ENG-A3,TRN-A3,CLT-A3,COL-A1,INT-A1,EXH-A2,FUL-A2,BRK-A2,NONE,ELE-A3,OIL-A2,ROPS-A3,STR-A2,SFR-A3,SRR-A2,118.6,0.4,0.343,-0.0164,-0.0029,0.0026,
CHS-A2,ENG-A3,TRN-A3,CLT-A2,COL-A2,INT-A2,EXH-A1,FUL-A3,BRK-A1,CAB-A3,ELE-A1,OIL-A2,ROPS-A1,STR-A3,SFR-A2,SRR-A3,123.9,5.3,0.4767,0.0815,0.0347,0.0136,
CHS-A3,ENG-A2,TRN-A1,CLT-A2,COL-A1,INT-A3,EXH-A2,FUL-A1,BRK-A3,CAB-A1,ELE-A3,OIL-A1,ROPS-A1,STR-A2,SFR-A2,SRR-A3,108.5,10.6,0.4854,0.089,0.0557,0.0173,
CHS-A1,ENG-A2,TRN-A1,CLT-A3,COL-A2,INT-A1,EXH-A1,FUL-A2,BRK-A1,CAB-A2,ELE-A2,OIL-A2,ROPS-A1,STR-A3,SFR-A2,SRR-A3,107.7,1.8,0.4356,0.0836,-0.0001,0.0063,
CHS-A2,ENG-A3,TRN-A1,CLT-A1,COL-A2,INT-A3,EXH-A2,FUL-A2,BRK-A2,CAB-A3,ELE-A2,OIL-A2,ROPS-A3,STR-A1,SFR-A1,SRR-A2,126.2,-6.0,0.5367,0.0942,-0.0821,-0.0222,
CHS-A2,ENG-A2,TRN-A1,CLT-A1,COL-A2,INT-A3,EXH-A2,FUL-A3,BRK-A2,NONE,ELE-A2,OIL-A1,NONE,STR-A3,SFR-A2,SRR-A2,60.6,8.3,0.3148,-0.0397,0.0335,0.0023,
CHS-A2,ENG-A1,TRN-A3,CLT-A2,COL-A1,INT-A3,EXH-A1,FUL-A3,BRK-A2,CAB-A3,ELE-A3,OIL-A3,ROPS-A3,STR-A1,SFR-A3,SRR-A1,123.2,-5.7,0.4726,0.1048,-0.0733,-0.0234,
CHS-A2,ENG-A2,TRN-A3,CLT-A2,COL-A1,INT-A1,EXH-A1,FUL-A3,BRK-A2,CAB-A2,ELE-A2,OIL-A1,ROPS-A1,STR-A2,SFR-A2,SRR-A3,120.9,-1.0,0.405,0.0769,-0.0023,0.0047,
CHS-A3,ENG-A2,TRN-A3,CLT-A2,COL-A1,INT-A2,EXH-A1,FUL-A2,BRK-A3,CAB-A1,ELE-A2,OIL-A3,ROPS-A3,STR-A2,SFR-A3,SRR-A2,117.6,-11.7,0.5704,0.1087,-0.1506,-0.0492,
CHS-A3,ENG-A1,TRN-A3,CLT-A1,COL-A3,INT-A2,EXH-A3,FUL-A2,BRK-A3,CAB-A2,ELE-A1,OIL-A1,NONE,STR-A2,SFR-A2,SRR-A1,66.8,-10.9,0.4901,0.0772,-0.0898,-0.0363,
CHS-A2,ENG-A3,TRN-A3,CLT-A3,COL-A1,INT-A2,EXH-A3,FUL-A1,BRK-A2,CAB-A3,ELE-A2,OIL-A1,ROPS-A3,STR-A1,SFR-A2,SRR-A2,126.5,-12.0,0.5394,0.0998,-0.1725,-0.0528,
CHS-A2,ENG-A2,TRN-A1,CLT-A1,COL-A2,INT-A1,EXH-A3,FUL-A1,BRK-A3,CAB-A3,ELE-A1,OIL-A1,ROPS-A3,STR-A1,SFR-A1,SRR-A3,74.4,1.6,0.4573,0.0747,0.0194,0.0124,
CHS-A3,ENG-A1,TRN-A2,CLT-A1,COL-A1,INT-A3,EXH-A2,FUL-A1,BRK-A1,CAB-A3,ELE-A1,OIL-A1,ROPS-A1,STR-A1,SFR-A3,SRR-A2,61.1,2.2,0.4642,0.076,0.0174,0.0012,
CHS-A3,ENG-A1,TRN-A2,CLT-A3,COL-A1,INT-A3,EXH-A1,FUL-A3,BRK-A3,CAB-A2,ELE-A2,OIL-A3,NONE,STR-A1,SFR-A2,SRR-A2,89.8,0.9,0.4466,0.0616,0.0093,-0.0005,
CHS-A1,ENG-A1,TRN-A1,CLT-A2,COL-A3,INT-A3,EXH-A3,FUL-A3,BRK-A3,CAB-A2,ELE-A3,OIL-A3,ROPS-A2,STR-A3,SFR-A3,SRR-A2,66.9,10.6,0.5407,0.0802,0.1298,0.0354,
CHS-A2,ENG-A1,TRN-A2,CLT-A2,COL-A2,INT-A2,EXH-A2,FUL-A3,BRK-A1,CAB-A2,ELE-A2,OIL-A3,ROPS-A1,STR-A1,SFR-A3,SRR-A2,64.7,-12.2,0.4956,0.0825,-0.0971,-0.0343,
CHS-A2,ENG-A1,TRN-A3,CLT-A3,COL-A1,INT-A1,EXH-A3,FUL-A2,BRK-A1,CAB-A3,ELE-A2,OIL-A3,ROPS-A2,STR-A2,SFR-A3,SRR-A1,116.5,14.2,0.4668,0.0898,0.1498,0.0438,
CHS-A3,ENG-A3,TRN-A2,CLT-A1,COL-A1,INT-A2,EXH-A3,FUL-A2,BRK-A2,CAB-A2,ELE-A1,OIL-A1,ROPS-A2,STR-A2,SFR-A1,SRR-A1,111.9,-12.2,0.5386,0.0947,-0.1576,-0.0451,
CHS-A2,ENG-A3,TRN-A2,CLT-A3,COL-A3,INT-A1,EXH-A1,FUL-A1,BRK-A1,CAB-A3,ELE-A1,OIL-A3,ROPS-A1,STR-A2,SFR-A3,SRR-A2,94.0,-0.7,0.4407,0.0762,0.0011,-0.0022,
CHS-A2,ENG-A3,TRN-A3,CLT-A2,COL-A1,INT-A1,EXH-A2,FUL-A3,BRK-A1,CAB-A1,ELE-A2,OIL-A1,ROPS-A3,STR-A2,SFR-A2,SRR-A2,68.4,4.4,0.474,0.0731,0.043,0.0135,
CHS-A3,ENG-A3,TRN-A2,CLT-A1,COL-A2,INT-A3,EXH-A1,FUL-A2,BRK-A1,CAB-A2,ELE-A1,OIL-A2,ROPS-A3,STR-A3,SFR-A2,SRR-A3,104.8,-6.5,0.5788,0.1128,-0.0655,-0.0294,
CHS-A2,ENG-A1,TRN-A2,CLT-A1,COL-A1,INT-A2,EXH-A3,FUL-A2,BRK-A3,CAB-A1,ELE-A2,OIL-A3,ROPS-A2,STR-A2,SFR-A1,SRR-A1,95.7,1.1,0.4179,0.0635,0.008,0.0093,
CHS-A3,ENG-A1,TRN-A1,CLT-A1,COL-A1,INT-A2,EXH-A1,FUL-A1,BRK-A3,CAB-A1,ELE-A3,OIL-A1,ROPS-A1,STR-A3,SFR-A2,SRR-A2,112.8,-1.5,0.4472,0.0648,-0.0153,-0.0072,
CHS-A3,ENG-A2,TRN-A1,CLT-A2,COL-A1,INT-A2,EXH-A2,FUL-A3,BRK-A2,CAB-A3,ELE-A3,OIL-A1,ROPS-A2,STR-A1,SFR-A2,SRR-A2,91.6,0.6,0.5286,0.1012,-0.0011,-0.0013,
CHS-A2,ENG-A3,TRN-A3,CLT-A3,COL-A1,INT-A2,EXH-A3,FUL-A3,BRK-A1,CAB-A2,ELE-A2,OIL-A3,ROPS-A1,STR-A1,SFR-A2,SRR-A1,116.8,14.5,0.4714,0.0908,0.1224,0.0414,
CHS-A2,ENG-A3,TRN-A3,CLT-A3,COL-A1,INT-A2,EXH-A2,FUL-A2,BRK-A2,CAB-A2,ELE-A2,OIL-A3,ROPS-A3,STR-A3,SFR-A3,SRR-A2,64.6,1.1,0.5354,0.0784,0.0148,-0.001,
CHS-A3,ENG-A1,TRN-A2,CLT-A1,COL-A3,INT-A3,EXH-A1,FUL-A2,BRK-A2,NONE,ELE-A3,OIL-A3,ROPS-A2,STR-A3,SFR-A3,SRR-A1,81.7,1.4,0.3299,-0.0228,0.0021,0.003,
CHS-A3,ENG-A1,TRN-A3,CLT-A3,COL-A2,INT-A3,EXH-A2,FUL-A1,BRK-A2,CAB-A2,ELE-A1,OIL-A2,NONE,STR-A2,SFR-A1,SRR-A1,130.0,-4.6,0.4343,0.0896,-0.0358,-0.0091,
CHS-A3,ENG-A3,TRN-A1,CLT-A3,COL-A2,INT-A3,EXH-A1,FUL-A3,BRK-A2,CAB-A1,ELE-A1,OIL-A3,ROPS-A3,STR-A1,SFR-A3,SRR-A2,63.1,-1.5,0.5339,0.0714,-0.0248,-0.0048,
CHS-A1,ENG-A2,TRN-A2,CLT-A1,COL-A2,INT-A3,EXH-A3,FUL-A2,BRK-A2,CAB-A3,ELE-A2,OIL-A3,ROPS-A2,STR-A1,SFR-A1,SRR-A3,69.7,-2.1,0.4999,0.0697,-0.0273,-0.008,
CHS-A3,ENG-A1,TRN-A2,CLT-A1,COL-A1,INT-A2,EXH-A2,FUL-A3,BRK-A1,CAB-A3,ELE-A1,OIL-A1,ROPS-A3,STR-A2,SFR-A1,SRR-A2,63.7,0.9,0.5467,0.0863,0.0137,0.0107,
CHS-A3,ENG-A2,TRN-A1,CLT-A1,COL-A1,INT-A2,EXH-A2,FUL-A3,BRK-A1,CAB-A3,ELE-A2,OIL-A2,ROPS-A3,STR-A1,SFR-A1,SRR-A2,75.1,-2.4,0.557,0.0878,-0.0431,-0.0069,
CHS-A1,ENG-A2,TRN-A1,CLT-A1,COL-A1,INT-A2,EXH-A3,FUL-A3,BRK-A2,CAB-A1,ELE-A2,OIL-A3,ROPS-A2,STR-A3,SFR-A3,SRR-A3,76.9,-3.7,0.533,0.0841,-0.0428,-0.0151,
CHS-A2,ENG-A1,TRN-A3,CLT-A3,COL-A3,INT-A3,EXH-A3,FUL-A1,BRK-A2,NONE,ELE-A1,OIL-A3,ROPS-A2,STR-A2,SFR-A2,SRR-A3,61.1,-4.7,0.3136,-0.0238,-0.0527,-0.0118,
CHS-A2,ENG-A1,TRN-A1,CLT-A2,COL-A3,INT-A2,EXH-A3,FUL-A1,BRK-A3,CAB-A2,ELE-A3,OIL-A2,ROPS-A3,STR-A1,SFR-A1,SRR-A3,114.3,-4.8,0.51,0.0969,-0.0681,-0.0192,
CHS-A2,ENG-A3,TRN-A2,CLT-A3,COL-A2,INT-A2,EXH-A1,FUL-A3,BRK-A1,CAB-A2,ELE-A1,OIL-A3,ROPS-A2,STR-A1,SFR-A2,SRR-A2,122.3,11.8,0.5123,0.1114,0.1303,0.0412,
CHS-A3,ENG-A2,TRN-A1,CLT-A3,COL-A2,INT-A1,EXH-A2,FUL-A3,BRK-A1,CAB-A2,ELE-A2,OIL-A1,ROPS-A1,STR-A3,SFR-A2,SRR-A2,91.2,-10.0,0.4672,0.081,-0.0479,-0.0234,
CHS-A3,ENG-A2,TRN-A2,CLT-A3,COL-A1,INT-A1,EXH-A3,FUL-A3,BRK-A2,CAB-A2,ELE-A3,OIL-A3,ROPS-A1,STR-A1,SFR-A1,SRR-A3,107.5,1.5,0.446,0.0681,0.0026,0.0032,
CHS-A1,ENG-A3,TRN-A2,CLT-A2,COL-A2,INT-A2,EXH-A1,FUL-A3,BRK-A1,CAB-A2,ELE-A2,OIL-A2,ROPS-A3,STR-A1,SFR-A1,SRR-A1,111.5,-0.2,0.5115,0.094,-0.0029,0.0023,
CHS-A2,ENG-A1,TRN-A3,CLT-A2,COL-A3,INT-A2,EXH-A1,FUL-A1,BRK-A1,CAB-A3,ELE-A2,OIL-A1,NONE,STR-A2,SFR-A1,SRR-A3,127.7,5.0,0.4231,0.0713,0.0322,0.0139,
CHS-A1,ENG-A3,TRN-A3,CLT-A3,COL-A3,INT-A1,EXH-A2,FUL-A3,BRK-A1,CAB-A1,ELE-A1,OIL-A1,ROPS-A1,STR-A2,SFR-A1,SRR-A2,98.8,1.3,0.4224,0.0532,0.0034,-0.0041,
CHS-A3,ENG-A2,TRN-A3,CLT-A2,COL-A2,INT-A3,EXH-A1,FUL-A1,BRK-A2,CAB-A3,ELE-A2,OIL-A2,ROPS-A3,STR-A2,SFR-A1,SRR-A3,104.8,11.0,0.5662,0.107,0.1324,0.0389,
CHS-A1,ENG-A3,TRN-A1,CLT-A2,COL-A1,INT-A1,EXH-A2,FUL-A3,BRK-A1,CAB-A2,ELE-A3,OIL-A2,ROPS-A3,STR-A2,SFR-A1,SRR-A3,126.9,-2.9,0.4995,0.1063,-0.0263,-0.0138,
CHS-A1,ENG-A3,TRN-A3,CLT-A3,COL-A3,INT-A2,EXH-A3,FUL-A1,BRK-A1,CAB-A1,ELE-A3,OIL-A3,ROPS-A1,STR-A1,SFR-A3,SRR-A2,103.3,-2.2,0.496,0.0637,-0.0216,-0.008,
CHS-A1,ENG-A3,TRN-A2,CLT-A2,COL-A2,INT-A1,EXH-A3,FUL-A1,BRK-A1,CAB-A2,ELE-A2,OIL-A2,ROPS-A1,STR-A3,SFR-A1,SRR-A2,120.3,2.8,0.4291,0.0598,0.0192,0.0023,
CHS-A1,ENG-A2,TRN-A1,CLT-A2,COL-A2,INT-A1,EXH-A1,FUL-A1,BRK-A1,CAB-A2,ELE-A2,OIL-A3,ROPS-A2,STR-A1,SFR-A2,SRR-A3,110.5,-0.1,0.4725,0.1095,-0.0129,0.0014,
CHS-A2,ENG-A1,TRN-A1,CLT-A2,COL-A3,INT-A2,EXH-A1,FUL-A1,BRK-A3,CAB-A2,ELE-A1,OIL-A2,ROPS-A2,STR-A3,SFR-A3,SRR-A2,80.0,1.3,0.4894,0.0808,0.0216,0.0037,
CHS-A1,ENG-A3,TRN-A3,CLT-A1,COL-A2,INT-A3,EXH-A2,FUL-A1,BRK-A2,CAB-A2,ELE-A3,OIL-A2,ROPS-A3,STR-A3,SFR-A3,SRR-A3,68.3,-3.2,0.5724,0.096,-0.0484,-0.0064,
CHS-A1,ENG-A3,TRN-A3,CLT-A2,COL-A3,INT-A1,EXH-A1,FUL-A1,BRK-A1,CAB-A3,ELE-A2,OIL-A3,ROPS-A2,STR-A3,SFR-A3,SRR-A1,83.0,-10.1,0.5117,0.1063,-0.0943,-0.0294,
CHS-A3,ENG-A3,TRN-A2,CLT-A3,COL-A3,INT-A2,EXH-A2,FUL-A1,BRK-A2,CAB-A2,ELE-A1,OIL-A2,ROPS-A3,STR-A3,SFR-A3,SRR-A3,61.9,2.6,0.6211,0.0939,0.0396,0.006,
CHS-A3,ENG-A1,TRN-A3,CLT-A2,COL-A1,INT-A3,EXH-A3,FUL-A3,BRK-A3,CAB-A3,ELE-A2,OIL-A1,ROPS-A3,STR-A1,SFR-A1,SRR-A3,126.4,2.6,0.5187,0.1122,0.0422,0.0045,
CHS-A2,ENG-A3,TRN-A3,CLT-A1,COL-A3,INT-A1,EXH-A3,FUL-A1,BRK-A3,CAB-A2,ELE-A3,OIL-A2,ROPS-A2,STR-A2,SFR-A1,SRR-A2,123.8,2.8,0.4587,0.0916,0.0253,0.0025,
CHS-A3,ENG-A2,TRN-A3,CLT-A2,COL-A1,INT-A1,EXH-A2,FUL-A3,BRK-A2,CAB-A1,ELE-A2,OIL-A2,ROPS-A3,STR-A3,SFR-A3,SRR-A2,82.2,4.9,0.5191,0.0872,0.058,0.0144,
CHS-A2,ENG-A2,TRN-A1,CLT-A2,COL-A1,INT-A2,EXH-A3,FUL-A1,BRK-A2,NONE,ELE-A3,OIL-A2,ROPS-A3,STR-A1,SFR-A1,SRR-A3,79.0,-2.6,0.3347,-0.0119,-0.0311,-0.0118,
CHS-A1,ENG-A3,TRN-A3,CLT-A1,COL-A3,INT-A1,EXH-A1,FUL-A1,BRK-A2,CAB-A2,ELE-A2,OIL-A1,ROPS-A3,STR-A1,SFR-A1,SRR-A3,128.5,-3.5,0.4896,0.0861,-0.0329,-0.0104,
CHS-A2,ENG-A3,TRN-A1,CLT-A1,COL-A3,INT-A3,EXH-A1,FUL-A3,BRK-A3,CAB-A3,ELE-A1,OIL-A1,ROPS-A2,STR-A1,SFR-A1,SRR-A2,115.2,-2.5,0.4919,0.0682,-0.0263,-0.0069,
CHS-A2,ENG-A3,TRN-A3,CLT-A1,COL-A2,INT-A2,EXH-A2,FUL-A3,BRK-A3,CAB-A2,ELE-A1,OIL-A3,ROPS-A2,STR-A1,SFR-A1,SRR-A2,71.4,-0.1,0.5137,0.0688,-0.0118,-0.0065,
CHS-A1,ENG-A3,TRN-A3,CLT-A2,COL-A2,INT-A3,EXH-A2,FUL-A1,BRK-A2,CAB-A3,ELE-A1,OIL-A1,ROPS-A2,STR-A1,SFR-A1,SRR-A2,86.9,-2.1,0.5066,0.09,-0.0305,-0.0097,
CHS-A2,ENG-A3,TRN-A2,CLT-A3,COL-A1,INT-A1,EXH-A3,FUL-A1,BRK-A2,CAB-A2,ELE-A2,OIL-A3,ROPS-A2,STR-A3,SFR-A2,SRR-A3,68.2,-6.1,0.4753,0.0748,-0.0584,-0.0164,
CHS-A3,ENG-A3,TRN-A2,CLT-A2,COL-A3,INT-A3,EXH-A2,FUL-A3,BRK-A3,CAB-A3,ELE-A1,OIL-A3,ROPS-A3,STR-A1,SFR-A3,SRR-A2,97.0,1.3,0.5889,0.1102,0.0065,0.0067,
CHS-A1,ENG-A2,TRN-A3,CLT-A2,COL-A1,INT-A3,EXH-A1,FUL-A3,BRK-A3,CAB-A2,ELE-A3,OIL-A2,ROPS-A3,STR-A2,SFR-A1,SRR-A3,89.1,3.6,0.5089,0.0863,0.0416,0.0135,
CHS-A2,ENG-A1,TRN-A3,CLT-A1,COL-A3,INT-A1,EXH-A1,FUL-A2,BRK-A2,CAB-A3,ELE-A3,OIL-A1,NONE,STR-A1,SFR-A2,SRR-A1,80.1,2.8,0.3988,0.0579,-0.0043,-0.0022,
CHS-A2,ENG-A2,TRN-A2,CLT-A1,COL-A3,INT-A3,EXH-A3,FUL-A1,BRK-A3,NONE,ELE-A1,OIL-A1,NONE,STR-A2,SFR-A3,SRR-A1,111.0,4.5,0.2776,-0.028,0.02,0.012,
CHS-A3,ENG-A2,TRN-A3,CLT-A2,COL-A1,INT-A1,EXH-A2,FUL-A2,BRK-A1,CAB-A1,ELE-A3,OIL-A1,ROPS-A1,STR-A3,SFR-A2,SRR-A3,113.6,-14.5,0.4681,0.0863,-0.0534,-0.0183,
CHS-A3,ENG-A1,TRN-A1,CLT-A3,COL-A1,INT-A2,EXH-A2,FUL-A1,BRK-A3,CAB-A1,ELE-A1,OIL-A1,ROPS-A2,STR-A2,SFR-A1,SRR-A3,100.3,0.8,0.4733,0.0817,0.0218,0.0077,
CHS-A2,ENG-A2,TRN-A2,CLT-A1,COL-A3,INT-A3,EXH-A3,FUL-A1,BRK-A3,CAB-A3,ELE-A3,OIL-A2,ROPS-A1,STR-A2,SFR-A3,SRR-A3,86.7,-0.3,0.4638,0.0654,-0.0035,0.0017,
CHS-A3,ENG-A2,TRN-A1,CLT-A1,COL-A2,INT-A3,EXH-A1,FUL-A2,BRK-A1,CAB-A2,ELE-A2,OIL-A3,ROPS-A2,STR-A2,SFR-A1,SRR-A2,74.2,12.7,0.5346,0.0866,0.1268,0.0364,
CHS-A2,ENG-A2,TRN-A3,CLT-A3,COL-A3,INT-A1,EXH-A1,FUL-A1,BRK-A3,CAB-A3,ELE-A3,OIL-A1,ROPS-A2,STR-A2,SFR-A2,SRR-A1,74.8,-0.3,0.4293,0.0716,-0.0159,-0.0029,
CHS-A2,ENG-A1,TRN-A3,CLT-A2,COL-A2,INT-A2,EXH-A2,FUL-A3,BRK-A3,CAB-A2,ELE-A2,OIL-A2,ROPS-A2,STR-A2,SFR-A2,SRR-A1,116.2,7.8,0.4861,0.086,0.102,0.0286,
CHS-A1,ENG-A3,TRN-A1,CLT-A1,COL-A2,INT-A3,EXH-A3,FUL-A3,BRK-A3,CAB-A2,ELE-A1,OIL-A1,ROPS-A2,STR-A2,SFR-A3,SRR-A1,95.0,5.5,0.5386,0.0882,0.0791,0.0255,
CHS-A2,ENG-A2,TRN-A1,CLT-A3,COL-A2,INT-A1,EXH-A1,FUL-A3,BRK-A3,CAB-A2,ELE-A3,OIL-A3,NONE,STR-A3,SFR-A1,SRR-A1,126.2,7.9,0.4025,0.0555,0.0321,0.0099,
CHS-A1,ENG-A1,TRN-A3,CLT-A2,COL-A2,INT-A1,EXH-A3,FUL-A3,BRK-A3,NONE,ELE-A2,OIL-A3,ROPS-A2,STR-A1,SFR-A3,SRR-A3,88.8,4.7,0.334,-0.0179,0.0361,0.0153,
CHS-A3,ENG-A3,TRN-A2,CLT-A1,COL-A1,INT-A1,EXH-A3,FUL-A1,BRK-A1,CAB-A1,ELE-A3,OIL-A2,ROPS-A3,STR-A2,SFR-A2,SRR-A1,86.1,-8.4,0.502,0.0858,-0.0848,-0.0244,
CHS-A3,ENG-A1,TRN-A1,CLT-A2,COL-A2,INT-A2,EXH-A3,FUL-A2,BRK-A1,CAB-A3,ELE-A3,OIL-A1,ROPS-A1,STR-A2,SFR-A3,SRR-A2,99.6,-12.1,0.5065,0.0926,-0.1081,-0.0298,
CHS-A3,ENG-A2,TRN-A2,CLT-A1,COL-A1,INT-A3,EXH-A2,FUL-A3,BRK-A3,CAB-A3,ELE-A1,OIL-A2,ROPS-A1,STR-A1,SFR-A3,SRR-A1,112.7,-3.1,0.5013,0.0873,-0.0209,-0.0063,
CHS-A2,ENG-A3,TRN-A3,CLT-A2,COL-A2,INT-A3,EXH-A1,FUL-A3,BRK-A3,CAB-A1,ELE-A3,OIL-A2,ROPS-A1,STR-A2,SFR-A1,SRR-A1,83.8,13.6,0.4736,0.0473,0.072,0.0244,
CHS-A2,ENG-A2,TRN-A1,CLT-A2,COL-A3,INT-A2,EXH-A2,FUL-A1,BRK-A3,CAB-A3,ELE-A2,OIL-A1,ROPS-A3,STR-A2,SFR-A1,SRR-A3,65.1,0.4,0.5125,0.0925,0.009,0.005,
CHS-A2,ENG-A1,TRN-A1,CLT-A1,COL-A2,INT-A2,EXH-A2,FUL-A2,BRK-A1,CAB-A1,ELE-A1,OIL-A2,ROPS-A2,STR-A3,SFR-A3,SRR-A2,67.2,-3.8,0.4829,0.0763,-0.0603,-0.01,
CHS-A1,ENG-A3,TRN-A3,CLT-A1,COL-A3,INT-A3,EXH-A1,FUL-A3,BRK-A2,CAB-A1,ELE-A2,OIL-A2,ROPS-A1,STR-A1,SFR-A1,SRR-A1,90.4,0.2,0.4408,0.0514,0.0009,0.0033,
CHS-A3,ENG-A2,TRN-A3,CLT-A3,COL-A1,INT-A2,EXH-A1,FUL-A1,BRK-A2,CAB-A1,ELE-A2,OIL-A2,ROPS-A3,STR-A2,SFR-A2,SRR-A2,83.4,10.8,0.5539,0.0926,0.1328,0.05,
CHS-A1,ENG-A2,TRN-A2,CLT-A1,COL-A2,INT-A2,EXH-A2,FUL-A3,BRK-A3,CAB-A3,ELE-A3,OIL-A1,ROPS-A2,STR-A2,SFR-A2,SRR-A2,68.0,-3.2,0.5392,0.0812,-0.0482,-0.008,
CHS-A3,ENG-A1,TRN-A2,CLT-A2,COL-A3,INT-A1,EXH-A2,FUL-A3,BRK-A2,CAB-A1,ELE-A2,OIL-A1,ROPS-A1,STR-A1,SFR-A3,SRR-A2,115.2,-1.0,0.4523,0.0699,-0.0106,0.0013,
CHS-A3,ENG-A2,TRN-A3,CLT-A1,COL-A2,INT-A3,EXH-A3,FUL-A3,BRK-A3,NONE,ELE-A1,OIL-A1,ROPS-A3,STR-A2,SFR-A1,SRR-A3,102.9,-2.7,0.368,0.0027,-0.0299,-0.0078,
CHS-A1,ENG-A2,TRN-A1,CLT-A3,COL-A3,INT-A3,EXH-A3,FUL-A3,BRK-A3,CAB-A3,ELE-A2,OIL-A2,ROPS-A2,STR-A3,SFR-A3,SRR-A3,95.0,-1.4,0.5497,0.0964,-0.0309,-0.0,
CHS-A1,ENG-A3,TRN-A1,CLT-A2,COL-A2,INT-A2,EXH-A2,FUL-A1,BRK-A3,CAB-A2,ELE-A2,OIL-A1,ROPS-A2,STR-A3,SFR-A2,SRR-A2,64.7,-0.2,0.5324,0.0752,-0.0001,0.0021,
CHS-A3,ENG-A1,TRN-A3,CLT-A1,COL-A3,INT-A1,EXH-A2,FUL-A3,BRK-A2,NONE,ELE-A1,OIL-A2,ROPS-A3,STR-A1,SFR-A3,SRR-A3,90.2,-6.6,0.381,-0.0,-0.0652,-0.0193,
CHS-A3,ENG-A1,TRN-A1,CLT-A2,COL-A3,INT-A1,EXH-A3,FUL-A1,BRK-A3,CAB-A1,ELE-A2,OIL-A1,ROPS-A2,STR-A2,SFR-A3,SRR-A2,96.9,2.9,0.4754,0.0758,0.0227,0.0149,
CHS-A3,ENG-A1,TRN-A3,CLT-A3,COL-A2,INT-A3,EXH-A3,FUL-A1,BRK-A3,CAB-A1,ELE-A1,OIL-A1,ROPS-A2,STR-A1,SFR-A2,SRR-A3,69.9,-3.2,0.4944,0.0692,-0.0337,-0.0196,
CHS-A1,ENG-A3,TRN-A1,CLT-A2,COL-A2,INT-A1,EXH-A1,FUL-A2,BRK-A2,CAB-A3,ELE-A2,OIL-A1,ROPS-A2,STR-A1,SFR-A2,SRR-A3,95.4,-1.6,0.4943,0.0818,-0.0104,-0.0083,
CHS-A1,ENG-A3,TRN-A1,CLT-A1,COL-A2,INT-A1,EXH-A2,FUL-A1,BRK-A3,CAB-A2,ELE-A2,OIL-A3,ROPS-A3,STR-A2,SFR-A3,SRR-A3,67.9,0.9,0.5255,0.0796,0.0187,0.0092,
CHS-A3,ENG-A1,TRN-A2,CLT-A1,COL-A3,INT-A3,EXH-A1,FUL-A2,BRK-A1,CAB-A2,ELE-A2,OIL-A1,ROPS-A2,STR-A1,SFR-A1,SRR-A1,116.7,1.2,0.4614,0.0939,0.0097,0.0019,
CHS-A1,ENG-A1,TRN-A1,CLT-A1,COL-A3,INT-A2,EXH-A3,FUL-A2,BRK-A3,CAB-A2,ELE-A2,OIL-A3,ROPS-A2,STR-A3,SFR-A2,SRR-A3,129.0,-12.1,0.5657,0.1046,-0.1411,-0.0524,
CHS-A3,ENG-A1,TRN-A3,CLT-A1,COL-A1,INT-A1,EXH-A3,FUL-A2,BRK-A1,CAB-A3,ELE-A3,OIL-A2,ROPS-A2,STR-A3,SFR-A3,SRR-A2,103.9,4.7,0.4966,0.0996,0.0443,0.0149,
CHS-A2,ENG-A2,TRN-A2,CLT-A2,COL-A3,INT-A1,EXH-A3,FUL-A1,BRK-A3,NONE,ELE-A3,OIL-A3,ROPS-A3,STR-A1,SFR-A3,SRR-A2,75.2,-4.6,0.34,-0.0075,-0.0416,-0.0157,
CHS-A3,ENG-A1,TRN-A3,CLT-A2,COL-A2,INT-A3,EXH-A1,FUL-A1,BRK-A1,CAB-A3,ELE-A2,OIL-A1,ROPS-A1,STR-A1,SFR-A2,SRR-A2,60.0,-8.9,0.4644,0.0717,-0.054,-0.0183,
CHS-A2,ENG-A1,TRN-A3,CLT-A2,COL-A2,INT-A1,EXH-A2,FUL-A3,BRK-A3,CAB-A1,ELE-A2,OIL-A3,ROPS-A2,STR-A3,SFR-A1,SRR-A2,105.9,-15.0,0.4624,0.0814,-0.1289,-0.0337,
CHS-A1,ENG-A1,TRN-A3,CLT-A2,COL-A1,INT-A2,EXH-A3,FUL-A1,BRK-A2,CAB-A1,ELE-A2,OIL-A1,ROPS-A3,STR-A1,SFR-A1,SRR-A2,85.7,-4.1,0.4941,0.0886,-0.0634,-0.0175,
CHS-A3,ENG-A1,TRN-A3,CLT-A3,COL-A1,INT-A2,EXH-A2,FUL-A3,BRK-A1,CAB-A3,ELE-A1,OIL-A2,ROPS-A3,STR-A2,SFR-A1,SRR-A1,122.8,-1.0,0.5159,0.1068,-0.0179,-0.0008,
CHS-A1,ENG-A1,TRN-A2,CLT-A3,COL-A1,INT-A1,EXH-A3,FUL-A3,BRK-A3,CAB-A3,ELE-A2,OIL-A3,ROPS-A1,STR-A3,SFR-A2,SRR-A1,96.2,-0.0,0.3986,0.0826,0.0043,0.0045,
CHS-A1,ENG-A1,TRN-A2,CLT-A3,COL-A3,INT-A1,EXH-A3,FUL-A1,BRK-A2,NONE,ELE-A1,OIL-A2,NONE,STR-A3,SFR-A2,SRR-A2,98.2,-1.0,0.227,-0.0283,0.0045,0.0016,
CHS-A1,ENG-A2,TRN-A1,CLT-A1,COL-A1,INT-A2,EXH-A3,FUL-A2,BRK-A3,CAB-A3,ELE-A2,OIL-A2,ROPS-A3,STR-A1,SFR-A3,SRR-A3,97.6,1.1,0.5571,0.1237,0.0093,0.0069,
CHS-A3,ENG-A3,TRN-A3,CLT-A3,COL-A3,INT-A1,EXH-A2,FUL-A3,BRK-A2,CAB-A3,ELE-A1,OIL-A1,ROPS-A1,STR-A2,SFR-A1,SRR-A2,102.9,2.2,0.4678,0.063,0.0103,0.0038,
CHS-A1,ENG-A3,TRN-A1,CLT-A1,COL-A2,INT-A2,EXH-A3,FUL-A3,BRK-A3,CAB-A1,ELE-A2,OIL-A1,ROPS-A3,STR-A2,SFR-A3,SRR-A1,114.0,0.8,0.5382,0.1001,0.0156,0.002,
CHS-A2,ENG-A3,TRN-A2,CLT-A1,COL-A2,INT-A3,EXH-A1,FUL-A2,BRK-A1,CAB-A1,ELE-A1,OIL-A3,ROPS-A3,STR-A1,SFR-A1,SRR-A3,95.6,-0.6,0.4865,0.0708,-0.0126,-0.0014,
CHS-A1,ENG-A1,TRN-A1,CLT-A3,COL-A3,INT-A3,EXH-A3,FUL-A2,BRK-A1,CAB-A2,ELE-A2,OIL-A3,ROPS-A2,STR-A1,SFR-A3,SRR-A2,68.4,-13.4,0.5426,0.104,-0.1586,-0.0468,
CHS-A2,ENG-A2,TRN-A2,CLT-A2,COL-A1,INT-A3,EXH-A2,FUL-A1,BRK-A2,CAB-A1,ELE-A3,OIL-A2,ROPS-A3,STR-A1,SFR-A2,SRR-A2,101.4,0.3,0.4633,0.0875,-0.0021,0.0011,
CHS-A2,ENG-A1,TRN-A1,CLT-A3,COL-A2,INT-A3,EXH-A3,FUL-A1,BRK-A2,CAB-A1,ELE-A3,OIL-A2,ROPS-A3,STR-A3,SFR-A2,SRR-A1,74.4,-2.4,0.4608,0.0898,-0.0354,-0.0072,
CHS-A1,ENG-A1,TRN-A3,CLT-A2,COL-A3,INT-A2,EXH-A2,FUL-A3,BRK-A1,CAB-A3,ELE-A3,OIL-A1,ROPS-A3,STR-A2,SFR-A1,SRR-A3,99.7,1.9,0.5392,0.0963,0.0264,0.0115,
CHS-A2,ENG-A2,TRN-A2,CLT-A1,COL-A3,INT-A2,EXH-A1,FUL-A2,BRK-A2,CAB-A2,ELE-A1,OIL-A1,ROPS-A1,STR-A3,SFR-A2,SRR-A3,108.8,1.4,0.4442,0.0775,0.012,-0.0,
CHS-A3,ENG-A2,TRN-A2,CLT-A1,COL-A1,INT-A2,EXH-A2,FUL-A3,BRK-A3,CAB-A2,ELE-A1,OIL-A2,ROPS-A1,STR-A1,SFR-A1,SRR-A1,64.3,-8.3,0.5033,0.0696,-0.0554,-0.0224,
CHS-A1,ENG-A3,TRN-A3,CLT-A2,COL-A1,INT-A1,EXH-A1,FUL-A1,BRK-A3,CAB-A2,ELE-A1,OIL-A1,NONE,STR-A2,SFR-A1,SRR-A1,126.0,-6.5,0.4191,0.0684,-0.0226,-0.0122,
CHS-A2,ENG-A3,TRN-A2,CLT-A1,COL-A2,INT-A1,EXH-A1,FUL-A2,BRK-A2,CAB-A2,ELE-A1,OIL-A1,ROPS-A3,STR-A3,SFR-A1,SRR-A3,80.7,-1.0,0.4755,0.0781,-0.0066,-0.0004,
CHS-A3,ENG-A1,TRN-A3,CLT-A3,COL-A1,INT-A2,EXH-A3,FUL-A2,BRK-A2,CAB-A2,ELE-A2,OIL-A2,NONE,STR-A3,SFR-A2,SRR-A2,78.9,5.9,0.478,0.0738,0.0503,0.0115,
CHS-A2,ENG-A3,TRN-A2,CLT-A3,COL-A1,INT-A1,EXH-A1,FUL-A1,BRK-A3,CAB-A1,ELE-A3,OIL-A3,ROPS-A1,STR-A1,SFR-A3,SRR-A2,84.8,10.4,0.4399,0.0748,0.0429,0.0068,
CHS-A3,ENG-A1,TRN-A3,CLT-A3,COL-A2,INT-A3,EXH-A3,FUL-A1,BRK-A3,NONE,ELE-A2,OIL-A3,ROPS-A2,STR-A2,SFR-A1,SRR-A1,63.9,-14.4,0.3514,-0.0136,-0.1374,-0.0422,
CHS-A2,ENG-A3,TRN-A1,CLT-A2,COL-A1,INT-A1,EXH-A1,FUL-A3,BRK-A3,NONE,ELE-A1,OIL-A3,NONE,STR-A1,SFR-A2,SRR-A3,125.9,2.0,0.2582,-0.0239,0.0051,0.0076,
CHS-A2,ENG-A3,TRN-A2,CLT-A1,COL-A3,INT-A3,EXH-A3,FUL-A3,BRK-A2,CAB-A1,ELE-A3,OIL-A1,ROPS-A2,STR-A3,SFR-A3,SRR-A2,68.9,13.5,0.5436,0.0886,0.1591,0.0572,
CHS-A1,ENG-A1,TRN-A3,CLT-A2,COL-A3,INT-A1,EXH-A3,FUL-A3,BRK-A1,NONE,ELE-A1,OIL-A2,ROPS-A3,STR-A1,SFR-A2,SRR-A2,71.8,-12.3,0.3537,-0.009,-0.1195,-0.0287,
CHS-A2,ENG-A1,TRN-A1,CLT-A3,COL-A1,INT-A2,EXH-A2,FUL-A1,BRK-A3,CAB-A1,ELE-A2,OIL-A2,ROPS-A3,STR-A1,SFR-A2,SRR-A2,121.7,-2.1,0.4641,0.0957,-0.0273,-0.0137,
CHS-A3,ENG-A1,TRN-A1,CLT-A2,COL-A1,INT-A1,EXH-A2,FUL-A1,BRK-A2,CAB-A1,ELE-A1,OIL-A1,ROPS-A2,STR-A2,SFR-A1,SRR-A3,65.3,14.3,0.4755,0.1021,0.1317,0.034,
CHS-A2,ENG-A3,TRN-A1,CLT-A3,COL-A2,INT-A1,EXH-A1,FUL-A1,BRK-A2,CAB-A1,ELE-A1,OIL-A2,ROPS-A3,STR-A3,SFR-A3,SRR-A3,78.6,0.1,0.485,0.0636,-0.004,0.0025,
CHS-A2,ENG-A1,TRN-A2,CLT-A3,COL-A3,INT-A3,EXH-A2,FUL-A1,BRK-A1,CAB-A1,ELE-A1,OIL-A3,ROPS-A2,STR-A1,SFR-A2,SRR-A1,81.6,2.3,0.4281,0.0649,0.0318,0.0103,
CHS-A1,ENG-A2,TRN-A2,CLT-A2,COL-A1,INT-A2,EXH-A1,FUL-A2,BRK-A2,CAB-A2,ELE-A1,OIL-A2,ROPS-A2,STR-A1,SFR-A3,SRR-A3,66.8,9.2,0.5361,0.1023,0.1122,0.0344,
CHS-A2,ENG-A3,TRN-A2,CLT-A3,COL-A3,INT-A2,EXH-A3,FUL-A1,BRK-A2,CAB-A2,ELE-A2,OIL-A3,ROPS-A1,STR-A3,SFR-A3,SRR-A3,107.4,-11.4,0.5182,0.0825,-0.0828,-0.03,
CHS-A1,ENG-A1,TRN-A1,CLT-A2,COL-A1,INT-A3,EXH-A2,FUL-A1,BRK-A3,CAB-A1,ELE-A3,OIL-A2,ROPS-A2,STR-A3,SFR-A1,SRR-A1,87.2,-1.1,0.4525,0.0501,-0.0086,-0.0023,
CHS-A3,ENG-A2,TRN-A1,CLT-A2,COL-A1,INT-A1,EXH-A3,FUL-A3,BRK-A3,CAB-A3,ELE-A1,OIL-A1,ROPS-A2,STR-A1,SFR-A2,SRR-A3,121.6,-7.1,0.5014,0.0981,-0.0789,-0.0241,
CHS-A2,ENG-A1,TRN-A2,CLT-A2,COL-A2,INT-A2,EXH-A2,FUL-A3,BRK-A3,CAB-A1,ELE-A1,OIL-A1,ROPS-A2,STR-A3,SFR-A2,SRR-A2,78.9,0.3,0.4681,0.0629,0.0064,0.0083,
CHS-A3,ENG-A2,TRN-A3,CLT-A2,COL-A1,INT-A3,EXH-A1,FUL-A1,BRK-A2,CAB-A3,ELE-A2,OIL-A1,ROPS-A3,STR-A3,SFR-A3,SRR-A1,72.2,-9.0,0.5453,0.1014,-0.1095,-0.0329,
CHS-A1,ENG-A2,TRN-A2,CLT-A2,COL-A3,INT-A2,EXH-A3,FUL-A1,BRK-A3,CAB-A1,ELE-A2,OIL-A2,ROPS-A3,STR-A1,SFR-A2,SRR-A3,98.6,1.2,0.5333,0.0893,0.0149,0.0063,
CHS-A3,ENG-A1,TRN-A1,CLT-A3,COL-A1,INT-A3,EXH-A1,FUL-A2,BRK-A3,CAB-A2,ELE-A1,OIL-A3,ROPS-A1,STR-A1,SFR-A3,SRR-A1,102.1,0.2,0.4389,0.0878,-0.0041,0.0102,
CHS-A3,ENG-A2,TRN-A2,CLT-A2,COL-A2,INT-A2,EXH-A2,FUL-A1,BRK-A2,CAB-A2,ELE-A3,OIL-A3,ROPS-A2,STR-A1,SFR-A1,SRR-A3,130.0,10.2,0.5462,0.1013,0.1227,0.0431,
CHS-A2,ENG-A1,TRN-A2,CLT-A2,COL-A3,INT-A2,EXH-A2,FUL-A2,BRK-A3,CAB-A3,ELE-A3,OIL-A2,ROPS-A1,STR-A3,SFR-A1,SRR-A1,116.4,3.0,0.4334,0.0593,0.0213,0.0013,
CHS-A2,ENG-A2,TRN-A2,CLT-A2,COL-A2,INT-A3,EXH-A1,FUL-A3,BRK-A3,NONE,ELE-A1,OIL-A2,ROPS-A3,STR-A1,SFR-A3,SRR-A3,104.7,2.6,0.3534,-0.0051,0.0298,0.0047,
CHS-A2,ENG-A2,TRN-A2,CLT-A2,COL-A2,INT-A3,EXH-A2,FUL-A2,BRK-A1,CAB-A2,ELE-A3,OIL-A3,ROPS-A3,STR-A3,SFR-A1,SRR-A2,122.3,-3.2,0.4942,0.0834,-0.041,-0.0108,
CHS-A1,ENG-A1,TRN-A1,CLT-A2,COL-A2,INT-A3,EXH-A2,FUL-A1,BRK-A2,NONE,ELE-A1,OIL-A1,ROPS-A2,STR-A3,SFR-A1,SRR-A2,104.4,-0.7,0.311,-0.0121,0.0029,-0.0085,
CHS-A1,ENG-A1,TRN-A3,CLT-A2,COL-A3,INT-A2,EXH-A2,FUL-A2,BRK-A2,CAB-A2,ELE-A1,OIL-A3,ROPS-A1,STR-A2,SFR-A1,SRR-A2,113.0,0.3,0.449,0.0706,0.0018,-0.0022,
CHS-A2,ENG-A2,TRN-A1,CLT-A1,COL-A2,INT-A3,EXH-A3,FUL-A2,BRK-A1,CAB-A1,ELE-A1,OIL-A2,NONE,STR-A2,SFR-A3,SRR-A3,101.7,7.5,0.435,0.062,0.0643,0.0141,
CHS-A2,ENG-A1,TRN-A1,CLT-A1,COL-A3,INT-A1,EXH-A1,FUL-A3,BRK-A1,CAB-A3,ELE-A1,OIL-A1,ROPS-A2,STR-A3,SFR-A1,SRR-A2,121.4,1.5,0.4168,0.0824,0.0215,0.0038,
CHS-A3,ENG-A1,TRN-A1,CLT-A3,COL-A1,INT-A2,EXH-A2,FUL-A2,BRK-A1,CAB-A2,ELE-A2,OIL-A3,ROPS-A1,STR-A3,SFR-A3,SRR-A3,60.7,2.9,0.4994,0.067,0.0174,-0.0004,
CHS-A3,ENG-A3,TRN-A3,CLT-A1,COL-A2,INT-A1,EXH-A1,FUL-A2,BRK-A1,CAB-A3,ELE-A2,OIL-A3,NONE,STR-A2,SFR-A3,SRR-A2,80.7,3.1,0.4733,0.0774,0.0187,0.0029,
CHS-A1,ENG-A1,TRN-A3,CLT-A1,COL-A1,INT-A3,EXH-A3,FUL-A2,BRK-A1,NONE,ELE-A3,OIL-A1,ROPS-A3,STR-A1,SFR-A2,SRR-A3,76.2,-6.1,0.3432,-0.0052,-0.0664,-0.0182,
CHS-A2,ENG-A2,TRN-A3,CLT-A2,COL-A2,INT-A3,EXH-A1,FUL-A1,BRK-A1,CAB-A1,ELE-A1,OIL-A3,ROPS-A3,STR-A2,SFR-A2,SRR-A2,126.9,-0.3,0.4439,0.0801,-0.0011,-0.0046,
CHS-A2,ENG-A3,TRN-A2,CLT-A2,COL-A3,INT-A1,EXH-A1,FUL-A1,BRK-A3,CAB-A3,ELE-A1,OIL-A1,ROPS-A2,STR-A3,SFR-A2,SRR-A3,107.5,1.9,0.4713,0.0924,0.0257,0.0063,
CHS-A3,ENG-A1,TRN-A2,CLT-A2,COL-A1,INT-A2,EXH-A2,FUL-A1,BRK-A1,CAB-A1,ELE-A2,OIL-A1,ROPS-A3,STR-A3,SFR-A3,SRR-A3,100.4,4.4,0.5333,0.0939,0.0694,0.0178,
CHS-A3,ENG-A3,TRN-A1,CLT-A2,COL-A2,INT-A3,EXH-A3,FUL-A3,BRK-A2,CAB-A1,ELE-A3,OIL-A3,ROPS-A1,STR-A3,SFR-A1,SRR-A3,119.4,11.1,0.5059,0.0872,0.0724,0.0219,
CHS-A1,ENG-A3,TRN-A1,CLT-A3,COL-A3,INT-A2,EXH-A2,FUL-A1,BRK-A1,CAB-A2,ELE-A3,OIL-A2,ROPS-A1,STR-A2,SFR-A2,SRR-A2,68.3,7.9,0.5152,0.0687,0.0546,0.0211,
CHS-A1,ENG-A1,TRN-A3,CLT-A3,COL-A3,INT-A2,EXH-A3,FUL-A3,BRK-A1,CAB-A3,ELE-A2,OIL-A2,ROPS-A2,STR-A1,SFR-A1,SRR-A2,83.2,3.0,0.5071,0.0775,0.0364,0.0121,
CHS-A3,ENG-A1,TRN-A1,CLT-A2,COL-A2,INT-A3,EXH-A2,FUL-A3,BRK-A3,CAB-A2,ELE-A1,OIL-A1,NONE,STR-A2,SFR-A1,SRR-A3,112.0,-0.1,0.4638,0.0856,0.0075,0.0014,
CHS-A1,ENG-A3,TRN-A2,CLT-A1,COL-A2,INT-A1,EXH-A3,FUL-A3,BRK-A3,CAB-A1,ELE-A2,OIL-A2,ROPS-A3,STR-A3,SFR-A1,SRR-A2,60.3,1.6,0.5228,0.0584,0.0206,0.0114,
CHS-A1,ENG-A3,TRN-A3,CLT-A1,COL-A3,INT-A1,EXH-A1,FUL-A2,BRK-A3,CAB-A3,ELE-A2,OIL-A3,NONE,STR-A2,SFR-A3,SRR-A3,113.4,-2.4,0.5029,0.0799,-0.0137,-0.0028,
CHS-A2,ENG-A3,TRN-A3,CLT-A3,COL-A3,INT-A2,EXH-A3,FUL-A3,BRK-A2,CAB-A3,ELE-A3,OIL-A3,ROPS-A1,STR-A1,SFR-A3,SRR-A3,80.3,-4.0,0.4956,0.0658,-0.0481,-0.0167,
CHS-A2,ENG-A3,TRN-A1,CLT-A2,COL-A3,INT-A2,EXH-A3,FUL-A3,BRK-A3,CAB-A3,ELE-A3,OIL-A3,NONE,STR-A3,SFR-A2,SRR-A2,116.6,-0.1,0.486,0.0743,-0.0028,-0.0026,
CHS-A1,ENG-A2,TRN-A3,CLT-A2,COL-A1,INT-A1,EXH-A3,FUL-A2,BRK-A1,CAB-A3,ELE-A1,OIL-A2,ROPS-A3,STR-A1,SFR-A3,SRR-A3,111.8,7.3,0.5141,0.1081,0.0919,0.0194,
CHS-A2,ENG-A3,TRN-A3,CLT-A1,COL-A2,INT-A2,EXH-A2,FUL-A3,BRK-A2,NONE,ELE-A1,OIL-A1,ROPS-A3,STR-A1,SFR-A3,SRR-A2,118.1,6.1,0.3831,-0.0089,0.067,0.0196,
CHS-A3,ENG-A1,TRN-A2,CLT-A2,COL-A1,INT-A3,EXH-A1,FUL-A1,BRK-A1,CAB-A3,ELE-A1,OIL-A2,ROPS-A1,STR-A2,SFR-A3,SRR-A2,69.1,-0.1,0.4507,0.0722,-0.004,0.0018,
CHS-A1,ENG-A3,TRN-A3,CLT-A3,COL-A2,INT-A2,EXH-A3,FUL-A3,BRK-A2,CAB-A1,ELE-A3,OIL-A2,ROPS-A2,STR-A1,SFR-A3,SRR-A1,115.0,2.2,0.5231,0.0815,0.0219,0.0152,
CHS-A3,ENG-A3,TRN-A3,CLT-A1,COL-A1,INT-A3,EXH-A2,FUL-A2,BRK-A1,CAB-A2,ELE-A3,OIL-A3,ROPS-A1,STR-A3,SFR-A2,SRR-A3,116.2,6.2,0.5066,0.0886,0.0472,0.0147,
CHS-A3,ENG-A1,TRN-A3,CLT-A3,COL-A1,INT-A1,EXH-A2,FUL-A3,BRK-A2,CAB-A1,ELE-A1,OIL-A1,ROPS-A1,STR-A2,SFR-A3,SRR-A1,100.2,-0.6,0.4116,0.071,-0.0072,-0.004,
CHS-A1,ENG-A2,TRN-A3,CLT-A1,COL-A3,INT-A1,EXH-A3,FUL-A3,BRK-A3,CAB-A1,ELE-A3,OIL-A3,ROPS-A1,STR-A1,SFR-A2,SRR-A3,67.4,-6.0,0.4754,0.0676,-0.0339,-0.0073,
